TextID,semanticobjscore,CC,CD,EX,FW,INs,LS,MD,NN,NNPS,POS,PRP,PRP$,SYM,UH,VB,VBD,VBG,VBN,VBP,WDT,WP$,baseform,Quotes,fullstops,compsupadjadv,past,imperative,present3rd,txtcomplexity,Outcome
Text0001,71,44,78,9,80,43,3,178,7,32,25,8,28,22,3,60,9,14,11,5,5,1,18,12,54,6,60,3,5,13,0
Text0002,43,54,86,17,84,51,3,176,2,50,21,11,46,18,6,54,5,9,12,9,3,5,29,12,44,6,54,6,9,17,0
Text0003,14,1,20,2,25,12,7,70,2,12,22,4,19,5,3,12,4,2,8,3,0,3,13,7,18,2,12,3,3,17,0
Text0004,9,11,41,6,48,22,8,92,5,10,0,1,9,6,0,8,3,9,4,8,2,0,6,0,15,1,8,0,8,20,0
Text0005,6,4,17,0,17,14,1,50,1,2,2,2,0,1,0,8,3,6,2,2,0,3,3,1,6,0,8,0,2,18,0
Text0006,4,4,6,0,15,5,1,37,4,5,1,2,3,5,0,4,2,2,1,2,2,0,2,3,5,0,4,0,2,16,0
Text0007,14,24,30,0,41,15,0,86,3,19,16,5,7,3,0,30,4,7,4,1,1,0,4,1,29,2,30,0,1,10,0
Text0008,13,17,28,6,30,19,0,76,9,20,7,1,8,10,2,12,4,3,4,8,0,1,8,0,19,4,12,2,8,15,0
Text0009,9,5,22,2,16,11,0,56,0,10,1,0,1,3,0,9,7,3,3,1,0,1,6,2,4,0,9,0,1,26,0
Text0010,5,4,9,2,10,9,3,26,0,2,0,0,1,2,1,1,1,0,0,1,0,0,2,0,4,0,1,1,1,14,0
Text0011,15,9,27,2,33,20,1,70,1,9,17,7,16,10,2,16,12,9,0,8,1,3,7,8,19,0,16,2,8,14,0
Text0012,6,18,13,4,11,8,1,33,3,17,2,2,1,3,1,7,1,2,1,6,0,0,7,0,8,0,7,1,6,14,0
Text0013,75,16,175,20,183,143,22,406,3,122,59,16,76,58,10,50,30,63,64,48,19,13,52,0,71,10,50,10,48,42,0
Text0014,36,7,49,21,66,52,11,124,3,19,51,8,41,23,4,21,11,21,22,36,8,6,21,0,38,8,21,4,36,16,0
Text0015,30,8,41,16,51,42,10,107,3,16,34,6,31,21,3,12,6,17,18,27,6,4,14,6,35,7,12,3,27,21,0
Text0016,3,1,10,0,8,11,2,35,0,2,3,1,1,2,0,1,2,2,0,6,0,0,2,3,6,1,1,0,6,12,0
Text0017,2,8,9,0,11,5,0,32,0,8,2,0,0,4,0,3,4,1,0,1,0,0,2,0,4,1,3,0,1,16,0
Text0018,3,2,11,2,6,5,2,37,1,4,1,1,2,0,0,1,2,1,0,4,0,0,3,0,6,0,1,0,4,11,0
Text0019,12,6,12,0,9,16,1,41,1,10,7,2,4,4,1,4,2,0,3,6,1,0,6,2,7,0,4,1,6,16,0
Text0020,7,16,12,0,15,14,0,50,1,9,1,0,2,1,0,5,0,5,2,2,0,0,7,0,7,0,5,0,2,14,0
Text0021,9,4,18,5,27,9,0,58,1,13,8,4,6,3,0,11,7,6,0,3,0,0,5,6,13,0,11,0,3,13,0
Text0022,28,25,85,4,81,45,24,154,4,52,22,5,29,20,2,16,9,15,12,18,4,4,11,9,44,9,16,2,18,16,0
Text0023,48,36,110,22,112,66,0,191,5,76,15,15,34,13,6,66,32,12,9,6,4,4,28,9,43,7,66,6,6,20,0
Text0024,11,2,21,2,29,12,6,53,1,9,6,0,10,6,3,2,4,4,5,6,0,0,5,0,12,3,2,3,6,14,0
Text0025,9,8,13,0,21,11,2,43,0,11,1,2,0,1,0,6,2,3,1,5,0,0,2,1,6,1,6,0,5,17,0
Text0026,9,9,34,10,32,18,0,95,2,16,10,7,8,11,3,24,10,5,5,2,1,4,15,5,17,2,24,3,2,18,0
Text0027,3,0,11,0,13,5,0,48,3,4,3,2,4,3,0,7,3,4,0,4,0,0,3,9,15,0,7,0,4,7,0
Text0028,9,6,18,7,14,10,0,37,3,12,1,2,3,4,0,2,2,1,4,8,0,0,2,0,8,1,2,0,8,14,0
Text0029,6,15,10,0,18,8,1,31,0,13,5,5,10,5,0,0,1,5,8,5,0,0,5,0,6,0,0,0,5,19,0
Text0030,24,25,57,6,62,41,8,139,7,38,17,7,16,10,7,38,10,6,10,6,3,4,12,12,38,1,38,7,6,13,0
Text0031,22,14,30,6,47,25,8,90,1,15,30,8,17,15,1,27,3,17,6,17,0,2,15,4,21,3,27,1,17,25,0
Text0032,12,4,19,7,26,16,3,64,1,10,4,5,7,10,0,10,6,10,4,4,0,1,4,5,14,0,10,0,4,20,0
Text0033,54,73,68,24,107,73,4,190,9,46,27,21,29,15,6,42,20,16,11,14,3,0,14,0,57,7,42,6,14,18,0
Text0034,19,30,37,11,48,29,0,124,0,21,6,4,12,9,0,27,6,10,4,1,1,2,6,8,29,0,27,0,1,13,0
Text0035,14,6,24,8,34,21,1,84,0,14,5,8,11,8,0,26,3,6,1,1,1,2,6,0,11,1,26,0,1,21,0
Text0036,10,6,37,11,47,22,4,88,0,22,14,5,14,7,1,9,7,10,9,12,0,0,15,0,20,3,9,1,12,24,0
Text0037,20,29,86,6,77,50,5,167,6,45,5,6,20,22,5,27,9,12,14,8,7,2,15,6,31,1,27,5,8,19,0
Text0038,80,42,135,11,146,86,3,284,0,58,19,6,45,34,6,72,19,23,6,25,3,1,48,0,63,3,72,6,25,21,0
Text0039,45,44,60,2,78,42,3,132,7,50,15,9,18,13,3,34,14,5,6,5,0,2,15,9,42,2,34,3,5,14,0
Text0040,29,39,65,4,82,37,5,114,7,52,14,11,20,7,3,16,22,8,9,15,1,1,10,4,27,3,16,3,15,20,0
Text0041,4,0,10,0,12,9,0,27,1,5,2,1,1,3,0,3,0,4,0,2,0,0,1,1,4,0,3,0,2,14,0
Text0042,8,3,20,0,30,16,1,74,3,10,4,3,6,8,0,12,8,5,1,4,1,0,0,3,12,0,12,0,4,14,0
Text0043,43,18,50,6,61,39,3,154,5,33,29,18,32,14,3,57,7,11,8,9,4,4,24,1,37,3,57,3,9,29,0
Text0044,50,55,91,6,107,66,7,192,16,61,28,16,43,24,8,44,26,15,12,23,6,1,21,0,71,4,44,8,23,17,0
Text0045,10,10,17,5,22,18,3,51,0,7,7,2,5,6,2,6,4,5,2,5,1,1,3,0,11,2,6,2,5,15,0
Text0046,12,12,19,4,30,15,0,50,1,6,1,1,5,5,0,10,5,2,0,0,0,0,5,0,8,0,10,0,0,18,0
Text0047,16,42,37,12,54,29,0,74,4,34,5,5,10,3,1,22,10,6,5,4,0,2,13,0,11,2,22,1,4,18,0
Text0048,6,1,18,0,18,7,1,42,2,3,2,2,3,7,0,1,2,4,1,7,0,0,3,0,6,0,1,0,7,17,0
Text0049,46,30,84,9,87,69,5,247,7,71,34,21,26,31,4,86,12,11,2,10,5,14,43,17,60,5,86,4,10,16,0
Text0050,15,17,24,2,32,18,1,110,1,11,3,4,3,6,0,14,3,5,7,0,2,2,6,6,19,1,14,0,0,13,0
Text0051,14,6,17,10,19,24,2,60,1,2,6,4,3,4,1,16,2,3,1,0,0,1,6,5,12,0,16,1,0,13,0
Text0052,4,3,16,3,13,9,2,48,1,5,5,2,3,4,1,5,3,1,0,3,0,1,1,0,9,1,5,1,3,12,0
Text0053,32,28,43,8,61,48,1,134,4,22,11,8,17,8,1,39,10,8,4,0,3,2,9,9,26,1,39,1,0,18,0
Text0054,9,7,9,4,12,15,2,44,3,9,3,2,4,1,2,4,3,3,2,3,0,2,7,0,9,1,4,2,3,13,0
Text0055,45,9,55,23,73,36,9,152,1,19,39,14,42,15,0,45,12,13,13,19,1,2,14,1,50,8,45,0,19,22,0
Text0056,35,22,68,26,95,46,2,239,10,56,47,13,12,22,2,84,20,13,4,6,8,6,20,25,59,6,84,2,6,15,0
Text0057,9,11,19,0,30,11,1,56,3,11,2,8,4,7,0,3,8,9,3,8,1,0,3,0,9,2,3,0,8,18,0
Text0058,32,30,71,17,79,46,4,163,1,62,10,12,24,13,5,26,15,14,12,17,2,0,30,9,38,9,26,5,17,18,0
Text0059,46,33,76,21,97,59,1,194,1,46,26,12,35,14,0,54,20,11,4,18,2,0,18,12,47,2,54,0,18,16,0
Text0060,4,1,8,2,7,2,0,21,0,3,1,0,4,2,0,4,2,0,1,0,2,0,2,0,2,2,4,0,0,17,0
Text0061,89,65,133,6,157,119,13,341,3,108,16,13,47,20,4,50,39,16,18,20,4,4,30,0,60,11,50,4,20,21,0
Text0062,14,8,36,12,42,15,6,97,6,16,9,6,15,9,1,15,10,16,4,10,3,0,8,11,25,2,15,1,10,14,0
Text0063,34,61,50,5,66,34,4,110,6,39,6,9,15,12,1,13,12,16,9,15,0,2,9,3,25,3,13,1,15,19,0
Text0064,63,28,71,13,92,33,9,165,7,22,39,4,38,24,9,33,15,14,24,14,2,3,25,14,51,9,33,9,14,14,0
Text0065,3,2,14,6,26,11,4,44,1,8,4,1,2,9,0,5,4,4,2,1,0,0,3,2,7,3,5,0,1,19,0
Text0066,7,24,19,2,25,16,0,65,0,10,5,4,9,6,0,12,0,2,0,4,0,0,4,5,10,1,12,0,4,19,0
Text0067,56,26,87,11,80,60,3,160,6,61,38,26,50,26,3,49,19,17,21,7,1,3,52,12,45,13,49,3,7,19,0
Text0068,16,0,21,0,32,17,4,66,0,5,10,2,6,6,1,2,4,6,7,7,2,0,4,0,8,0,2,1,7,45,0
Text0069,2,1,9,2,7,8,1,36,0,3,2,0,1,5,1,2,3,4,0,8,0,0,4,2,3,0,2,1,8,21,0
Text0070,11,14,17,2,35,29,4,82,1,24,4,4,8,6,0,12,4,6,2,7,4,1,8,4,13,1,12,0,7,18,0
Text0071,6,2,12,0,18,11,0,34,1,14,1,1,1,1,0,7,3,3,2,1,0,0,2,0,5,0,7,0,1,16,0
Text0072,20,4,27,6,30,16,5,65,2,15,14,4,11,8,1,14,3,9,9,3,0,2,6,1,13,1,14,1,3,31,0
Text0073,27,15,57,4,69,41,0,149,1,53,13,7,9,14,1,41,15,14,3,3,1,2,7,19,32,4,41,1,3,16,0
Text0074,20,7,35,4,45,21,3,104,0,16,7,4,18,10,0,25,13,9,1,2,3,2,9,0,13,1,25,0,2,24,0
Text0075,16,30,27,22,32,25,3,73,1,16,4,4,8,7,0,11,4,5,3,5,2,0,3,5,22,2,11,0,5,11,0
Text0076,5,27,12,4,15,4,0,33,0,11,0,1,6,0,0,12,0,1,1,3,0,0,4,0,6,0,12,0,3,18,0
Text0077,49,58,118,8,119,51,28,213,6,73,18,9,37,34,5,36,14,27,13,15,4,2,27,18,63,10,36,5,15,15,0
Text0078,51,55,108,5,126,60,3,203,4,69,32,18,22,14,4,85,16,15,8,5,3,7,29,15,55,4,85,4,5,16,0
Text0079,2,4,13,2,13,5,0,33,1,5,1,0,4,3,0,6,3,1,2,2,0,1,0,0,5,1,6,0,2,15,0
Text0080,24,24,28,10,36,37,2,101,0,28,15,12,21,10,3,38,4,9,3,7,4,1,9,13,37,5,38,3,7,10,0
Text0081,39,43,56,6,54,31,1,144,2,29,17,5,15,17,1,52,6,8,7,0,1,1,17,11,38,1,52,1,0,13,0
Text0082,11,7,18,4,35,19,2,70,5,9,6,0,8,5,1,6,6,13,9,8,1,0,9,5,12,1,6,1,8,18,0
Text0083,8,2,13,0,23,8,2,50,1,11,12,4,7,3,1,10,6,7,2,5,2,0,5,0,10,3,10,1,5,17,0
Text0084,8,7,10,0,14,19,1,33,0,4,0,0,2,5,1,3,3,2,1,2,2,0,2,0,5,1,3,1,2,15,0
Text0085,11,15,20,11,22,19,1,58,4,14,3,2,8,2,1,7,3,6,3,5,1,0,8,3,10,0,7,1,5,19,0
Text0086,16,6,37,4,45,26,0,111,0,14,6,1,14,13,3,23,6,15,2,4,1,1,9,7,19,5,23,3,4,17,0
Text0087,8,1,19,2,18,11,1,69,2,5,13,2,7,6,0,21,6,6,0,1,1,1,5,8,15,2,21,0,1,12,0
Text0088,36,25,54,5,45,39,2,166,3,32,15,5,18,12,6,35,12,11,16,5,5,2,14,19,41,2,35,6,5,13,0
Text0089,35,40,49,8,88,52,3,133,4,31,12,17,26,11,1,36,11,9,10,1,1,1,13,0,28,1,36,1,1,20,0
Text0090,10,2,13,2,14,8,0,42,1,13,2,5,7,4,3,2,3,1,1,7,1,1,2,3,8,1,2,3,7,13,0
Text0091,56,20,67,7,90,62,8,194,4,57,34,22,20,20,6,60,10,22,14,8,7,2,20,5,58,5,60,6,8,18,0
Text0092,9,0,15,0,16,10,0,46,1,10,0,2,2,0,0,6,0,5,1,1,0,0,6,4,4,2,6,0,1,21,0
Text0093,4,8,14,2,18,9,0,36,0,12,0,0,4,2,0,7,2,2,1,2,0,0,2,0,6,2,7,0,2,16,0
Text0094,15,13,43,3,34,20,2,100,3,23,16,7,12,16,2,24,7,10,6,6,3,1,10,7,20,2,24,2,6,17,0
Text0095,105,63,135,12,171,104,8,262,9,67,39,22,90,29,4,49,41,15,32,28,4,9,41,0,50,7,49,4,28,31,0
Text0096,11,3,27,2,35,14,5,73,3,9,15,4,10,6,1,5,5,4,8,7,2,0,6,2,11,1,5,1,7,39,0
Text0097,76,20,125,23,120,82,16,299,4,80,46,24,69,30,4,59,33,42,25,49,9,10,34,0,78,6,59,4,49,21,0
Text0098,44,29,71,23,108,68,1,208,10,42,12,12,35,25,0,45,15,15,8,8,0,3,21,9,36,3,45,0,8,21,0
Text0099,16,7,34,4,37,20,4,89,3,31,4,1,10,7,0,24,5,12,1,3,1,0,11,8,15,3,24,0,3,21,0
Text0100,36,11,52,27,65,40,13,122,3,17,38,8,32,18,3,26,17,7,23,20,7,2,15,0,57,9,26,3,20,15,0
Text0101,30,79,37,21,49,41,1,121,2,63,12,9,14,12,0,17,8,10,6,14,2,2,10,4,15,4,17,0,14,34,0
Text0102,21,12,11,4,24,26,2,74,3,10,5,7,8,10,0,12,5,2,2,3,0,0,4,5,12,0,12,0,3,17,0
Text0103,16,9,22,1,29,20,2,66,0,10,7,5,14,3,0,13,7,5,2,3,0,0,7,4,15,3,13,0,3,13,0
Text0104,40,16,76,5,102,58,8,177,3,45,27,21,44,11,7,30,16,26,15,32,6,2,26,0,37,9,30,7,32,21,0
Text0105,86,13,108,25,119,70,18,218,5,60,49,18,84,24,16,78,21,25,20,18,8,3,38,0,59,10,78,16,18,23,0
Text0106,6,2,8,4,9,5,0,34,1,4,1,5,2,2,0,7,2,4,1,2,0,0,3,2,6,1,7,0,2,13,0
Text0107,85,15,110,15,98,62,6,163,1,47,113,16,72,32,12,72,27,9,34,30,5,5,39,0,93,5,72,12,30,13,0
Text0108,26,8,29,5,39,30,2,93,1,21,1,3,16,11,0,24,8,10,1,9,2,1,10,0,11,4,24,0,9,27,0
Text0109,5,17,36,2,29,19,2,75,1,8,3,0,3,3,0,11,1,4,1,3,0,1,6,0,12,3,11,0,3,14,0
Text0110,6,2,11,4,23,6,4,46,1,13,12,3,6,8,1,8,4,5,2,7,0,0,4,7,12,3,8,1,7,12,0
Text0111,17,9,25,0,29,27,3,67,0,8,8,6,5,6,0,11,6,3,1,4,0,0,5,3,11,1,11,0,4,20,0
Text0112,41,63,83,10,87,59,3,162,0,56,34,11,33,26,5,61,17,10,9,15,1,6,32,10,49,6,61,5,15,16,0
Text0113,33,15,68,3,87,31,4,196,4,50,35,16,21,18,4,65,23,15,5,10,5,4,23,10,42,10,65,4,10,17,0
Text0114,2,1,6,6,9,5,0,38,0,1,1,0,2,3,0,2,3,5,2,3,1,0,1,5,9,1,2,0,3,9,0
Text0115,12,11,22,11,32,21,2,82,1,20,1,5,3,1,1,11,6,2,2,8,3,3,2,4,14,4,11,1,8,16,0
Text0116,7,0,28,4,32,17,3,72,1,5,7,5,11,6,1,4,4,13,6,7,0,1,5,2,13,2,4,1,7,23,0
Text0117,17,17,32,4,38,26,3,90,4,17,5,5,7,6,0,16,10,9,3,10,6,0,5,3,18,0,16,0,10,15,0
Text0118,8,31,13,0,19,15,2,55,1,16,3,1,4,1,1,7,1,7,1,9,1,0,9,2,11,0,7,1,9,17,0
Text0119,3,16,10,0,12,7,0,29,1,8,2,2,7,4,0,9,3,1,0,1,0,0,4,0,7,0,9,0,1,14,0
Text0120,40,62,80,9,83,44,0,159,5,59,23,10,18,24,1,55,9,15,12,13,3,0,17,12,57,2,55,1,13,15,0
Text0121,19,2,23,4,23,12,3,54,5,13,4,3,2,2,0,16,5,5,2,0,0,2,5,0,8,0,16,0,0,19,0
Text0122,58,5,90,28,84,51,9,145,3,50,69,10,52,42,13,27,52,9,39,41,7,6,29,0,61,11,27,13,41,25,0
Text0123,56,37,109,58,131,47,14,211,7,80,60,23,44,21,11,54,31,14,31,44,5,7,49,2,61,9,54,11,44,16,0
Text0124,59,35,104,9,106,67,9,181,4,61,24,14,29,24,3,42,16,17,7,10,1,0,25,13,41,8,42,3,10,20,0
Text0125,31,59,49,18,71,42,1,126,1,53,10,7,22,5,5,44,6,4,7,6,1,0,20,9,34,5,44,5,6,16,0
Text0126,6,28,9,0,22,6,0,37,2,10,1,1,2,2,0,11,1,1,1,2,0,0,3,0,7,0,11,0,2,17,0
Text0127,43,36,60,8,79,47,2,146,5,43,21,10,27,14,1,56,11,5,2,4,1,3,17,11,46,4,56,1,4,12,0
Text0128,33,14,53,10,72,49,3,161,3,33,6,9,23,18,2,30,7,10,9,8,3,4,19,0,20,5,30,2,8,23,0
Text0129,12,14,45,6,34,24,2,80,3,21,2,4,8,14,0,12,8,3,5,6,0,0,7,6,16,0,12,0,6,18,0
Text0130,4,8,12,2,20,11,0,42,2,10,3,4,6,6,0,13,6,1,1,1,0,1,3,5,9,1,13,0,1,15,0
Text0131,22,9,27,2,38,25,5,77,5,17,10,9,19,10,2,10,7,9,5,11,2,0,9,5,18,1,10,2,11,17,0
Text0132,74,30,96,32,116,49,12,229,1,32,72,24,70,32,18,30,17,19,39,52,10,11,29,1,74,11,30,18,52,17,0
Text0133,39,24,76,1,95,63,3,175,5,33,26,13,29,14,4,26,24,9,19,17,1,5,22,8,38,2,26,4,17,18,0
Text0134,14,0,26,7,28,17,3,62,3,19,4,4,12,12,1,8,5,4,6,6,3,2,4,1,14,0,8,1,6,19,0
Text0135,2,2,12,0,15,4,2,39,2,7,2,2,4,2,0,6,2,8,2,4,0,0,4,3,7,0,6,0,4,13,0
Text0136,8,13,16,0,12,10,1,38,4,10,5,1,5,2,2,8,4,2,1,3,0,1,4,0,9,0,8,2,3,12,0
Text0137,52,14,58,0,62,40,10,136,1,46,19,6,46,13,4,23,19,12,14,15,7,1,22,7,40,9,23,4,15,14,0
Text0138,6,9,13,0,19,11,0,48,4,14,4,2,6,6,2,12,7,6,1,3,0,1,3,0,12,1,12,2,3,13,0
Text0139,52,15,56,11,79,60,4,143,3,47,50,20,47,18,7,48,18,13,12,22,5,3,23,18,45,7,48,7,22,16,0
Text0140,101,46,135,7,160,104,7,223,16,75,56,13,84,35,7,42,27,36,38,26,7,3,39,0,48,10,42,7,26,33,0
Text0141,17,13,34,2,44,20,14,75,3,26,3,0,9,7,1,2,1,20,4,8,0,1,10,0,18,3,2,1,8,18,0
Text0142,18,20,53,4,52,36,5,142,0,35,19,12,16,6,1,27,9,13,2,16,5,4,15,14,29,2,27,1,16,17,0
Text0143,18,7,42,10,51,31,3,97,0,20,15,4,17,11,1,10,10,13,8,22,4,2,20,0,18,4,10,1,22,60,0
Text0144,6,4,10,2,14,7,0,30,1,3,2,2,0,1,0,4,0,2,0,0,0,0,2,2,3,0,4,0,0,17,0
Text0145,41,42,76,5,83,49,2,146,1,42,27,9,24,19,2,62,14,7,4,4,3,2,17,11,33,10,62,2,4,20,0
Text0146,19,10,27,7,47,36,1,127,4,28,11,4,11,10,0,25,9,9,5,8,2,1,14,2,26,1,25,0,8,15,0
Text0147,11,7,15,0,15,6,0,39,2,9,0,1,6,3,1,5,2,1,1,0,0,0,2,0,4,0,5,1,0,20,0
Text0148,12,13,42,0,48,20,3,124,2,35,3,0,17,12,4,21,5,21,6,9,0,3,8,4,20,1,21,4,9,19,0
Text0149,68,7,75,16,89,47,7,194,8,21,29,6,37,17,10,26,12,13,17,24,1,5,17,16,52,9,26,10,24,14,0
Text0150,5,1,0,0,10,3,1,26,0,4,1,2,1,2,0,5,3,7,0,1,0,0,2,0,3,1,5,0,1,15,0
Text0151,37,15,58,72,68,46,4,120,1,20,32,7,24,16,10,23,15,18,12,19,3,4,18,0,44,7,23,10,19,14,0
Text0152,16,21,32,0,53,41,1,134,3,33,19,5,24,9,3,30,5,4,10,1,1,1,18,13,29,5,30,3,1,16,0
Text0153,43,12,46,24,57,43,10,145,4,38,12,11,8,11,5,19,3,5,16,8,8,4,10,7,24,4,19,5,8,21,0
Text0154,3,20,14,4,15,10,0,32,2,14,0,0,3,1,0,4,2,2,2,3,0,0,3,0,7,1,4,0,3,13,0
Text0155,9,0,7,0,12,10,0,35,1,9,5,0,2,6,0,10,1,5,2,2,0,0,1,1,6,1,10,0,2,14,0
Text0156,30,25,74,38,113,94,6,228,2,62,10,8,34,11,4,3,28,15,27,21,2,4,31,1,34,11,3,4,21,26,0
Text0157,4,5,17,0,25,9,1,64,1,4,12,6,9,6,0,10,3,5,4,11,0,1,5,2,12,2,10,0,11,18,0
Text0158,11,5,19,2,24,14,1,57,0,11,7,6,12,8,0,18,4,10,0,4,1,2,6,3,10,1,18,0,4,19,0
Text0159,53,20,60,10,75,61,19,160,3,24,23,11,31,20,5,26,11,12,7,17,6,2,13,1,36,9,26,5,17,30,0
Text0160,5,3,8,1,9,6,0,29,2,3,3,0,1,2,0,4,2,3,1,2,0,1,3,1,5,0,4,0,2,15,0
Text0161,26,40,55,6,45,31,3,137,3,45,14,6,24,12,2,45,9,8,9,8,2,2,23,15,40,6,45,2,8,13,0
Text0162,7,27,23,6,36,39,0,88,3,37,3,5,2,8,1,26,4,4,1,2,1,1,10,0,23,6,26,1,2,14,0
Text0163,39,37,101,9,100,51,11,173,10,67,32,8,33,20,6,53,19,14,18,15,5,6,31,0,48,13,53,6,15,24,0
Text0164,150,225,200,32,268,187,33,532,7,183,61,53,96,50,10,75,39,41,31,64,1,8,61,0,178,27,75,10,64,14,0
Text0165,33,53,65,5,84,40,2,154,5,48,14,6,28,14,3,61,12,6,5,8,4,3,17,11,37,4,61,3,8,17,0
Text0166,55,17,91,12,93,67,10,218,4,59,35,22,46,32,3,31,24,26,23,34,4,2,21,22,66,9,31,3,34,13,0
Text0167,27,11,48,9,66,43,6,121,1,25,36,4,22,7,0,20,14,12,22,14,4,1,18,12,29,4,20,0,14,28,0
Text0168,10,6,9,2,11,10,1,28,1,9,3,0,8,1,0,5,2,2,2,3,1,1,4,0,9,2,5,0,3,10,0
Text0169,15,12,28,7,28,24,1,81,6,20,6,2,7,6,0,17,3,1,1,7,1,0,6,4,15,0,17,0,7,17,0
Text0170,17,5,44,2,41,20,2,87,2,20,26,6,19,11,1,16,12,11,11,16,3,1,10,5,23,5,16,1,16,23,0
Text0171,26,18,61,6,65,42,8,128,7,43,25,16,31,15,4,37,15,16,9,12,5,1,21,5,30,3,37,4,12,19,0
Text0172,16,9,27,2,33,20,1,72,1,9,17,7,17,11,3,16,12,9,0,8,1,3,7,8,21,0,16,3,8,13,0
Text0173,18,3,19,7,27,11,1,60,2,11,14,2,8,7,1,23,7,6,0,4,1,1,5,6,17,0,23,1,4,12,0
Text0174,5,17,14,2,23,20,0,64,2,13,1,1,6,2,3,9,2,2,1,4,1,0,0,3,9,1,9,3,4,15,0
Text0175,16,10,25,8,32,24,2,75,4,18,6,5,13,11,1,10,7,4,6,9,0,1,9,0,16,0,10,1,9,20,0
Text0176,45,17,73,16,83,61,2,202,1,21,24,10,41,26,8,68,10,14,8,8,3,6,29,10,35,3,68,8,8,21,0
Text0177,89,35,163,8,170,105,17,318,7,71,46,23,61,34,8,81,36,28,23,30,11,7,19,0,80,11,81,8,30,24,0
Text0178,49,23,65,11,94,34,7,176,7,40,36,16,59,23,7,56,23,23,15,26,12,7,19,3,50,16,56,7,26,26,0
Text0179,28,55,59,3,78,45,4,163,3,39,16,8,21,8,1,53,16,8,6,7,2,3,23,19,41,4,53,1,7,15,0
Text0180,3,2,7,0,13,5,0,42,0,6,0,2,0,1,0,4,1,5,0,4,0,0,4,4,8,2,4,0,4,10,0
Text0181,33,7,36,2,56,39,1,133,2,45,22,18,28,13,2,26,13,16,13,14,1,4,22,10,35,6,26,2,14,15,0
Text0182,3,8,16,8,14,13,2,53,2,3,0,0,2,1,0,1,2,1,2,6,0,0,2,3,6,0,1,0,6,18,0
Text0183,17,9,56,10,68,40,5,132,1,21,23,5,17,20,4,24,12,9,6,11,4,1,14,2,20,3,24,4,11,27,0
Text0184,53,55,79,11,104,69,5,177,7,66,18,24,40,15,4,47,22,11,11,12,5,1,25,8,45,5,47,4,12,19,0
Text0185,31,55,56,12,79,44,0,142,1,50,12,9,27,10,2,44,13,7,8,15,2,6,18,11,42,4,44,2,15,15,0
Text0186,25,14,34,7,54,30,0,108,0,19,3,6,19,12,0,24,4,7,2,2,1,0,5,3,21,2,24,0,2,16,0
Text0187,3,1,4,0,8,4,0,32,0,2,1,1,3,2,0,5,0,5,0,1,0,0,2,0,3,0,5,0,1,14,0
Text0188,39,24,42,6,51,39,0,115,0,18,20,8,25,7,6,28,7,8,4,8,1,1,11,11,33,4,28,6,8,12,0
Text0189,47,9,79,17,67,49,5,170,7,29,22,8,32,20,16,37,22,6,10,2,5,4,14,1,47,4,37,16,2,18,0
Text0190,48,51,78,18,82,55,4,175,7,56,22,15,28,13,0,69,18,8,6,11,5,3,26,13,56,2,69,0,11,16,0
Text0191,12,72,20,0,42,18,0,85,4,13,0,1,2,3,0,5,3,4,4,4,0,0,6,0,45,1,5,0,4,6,0
Text0192,29,15,38,31,54,51,10,134,4,32,10,4,7,6,1,27,4,7,5,1,2,2,4,10,24,1,27,1,1,19,0
Text0193,8,1,15,2,21,7,1,63,1,5,5,3,5,4,1,14,3,6,2,2,0,1,4,8,13,3,14,1,2,11,0
Text0194,52,19,103,25,133,55,9,185,2,60,38,20,32,34,7,41,12,43,17,21,2,2,37,0,36,1,41,7,21,33,0
Text0195,109,31,172,19,187,109,27,316,2,53,70,23,98,49,7,84,29,32,18,28,7,6,62,0,57,20,84,7,28,37,0
Text0196,40,12,72,12,87,44,3,165,2,23,26,9,27,11,0,54,13,15,9,4,4,1,18,2,35,4,54,0,4,22,0
Text0197,41,18,67,0,81,45,6,156,4,31,11,9,21,15,3,38,13,7,6,9,3,3,12,7,28,4,38,3,9,19,0
Text0198,6,6,18,4,23,16,2,60,2,11,0,2,3,1,0,5,6,5,2,6,0,0,6,3,10,1,5,0,6,15,0
Text0199,5,3,20,5,17,11,3,40,2,4,5,3,6,2,0,11,5,8,1,5,0,1,6,4,9,2,11,0,5,15,0
Text0200,7,1,16,0,18,5,2,56,1,9,2,1,4,4,0,7,1,5,4,0,0,0,5,2,8,1,7,0,0,15,0
Text0201,30,8,50,10,58,42,5,105,3,24,20,6,22,13,3,7,14,7,24,26,1,0,20,1,27,6,7,3,26,24,0
Text0202,23,5,52,15,40,23,2,90,2,17,29,4,22,17,2,35,15,7,7,6,1,1,8,0,24,0,35,2,6,38,0
Text0203,3,2,14,6,15,10,2,43,2,7,0,1,7,5,2,5,2,7,5,2,2,0,4,1,4,0,5,2,2,26,0
Text0204,21,3,40,3,43,20,5,78,0,15,16,4,16,12,1,4,16,6,14,12,0,1,10,2,20,0,4,1,12,24,0
Text0205,24,24,44,2,39,19,1,84,2,22,9,5,19,17,1,28,10,5,1,3,1,0,9,0,23,2,28,1,3,13,0
Text0206,56,64,111,14,115,56,1,219,5,61,24,12,34,26,5,85,14,14,3,6,4,1,24,15,61,4,85,5,6,15,0
Text0207,62,22,106,10,109,79,6,196,6,60,38,11,48,25,4,50,14,26,18,19,6,4,31,0,54,8,50,4,19,23,0
Text0208,3,1,14,0,11,7,1,32,0,13,5,0,2,4,0,3,3,3,1,3,1,1,5,1,4,0,3,0,3,19,0
Text0209,9,12,9,6,24,15,0,76,0,13,2,4,3,3,0,10,3,1,3,2,0,0,5,2,8,0,10,0,2,22,0
Text0210,8,2,19,4,17,11,3,46,1,5,3,2,5,3,0,9,2,1,0,6,1,1,5,7,14,2,9,0,6,9,0
Text0211,22,21,34,13,50,27,1,138,4,22,5,4,12,4,2,19,10,10,4,9,3,1,3,10,26,2,19,2,9,14,0
Text0212,36,34,56,9,64,49,3,168,2,40,9,11,13,15,2,24,16,12,10,9,4,1,22,8,32,1,24,2,9,16,0
Text0213,2,1,7,0,8,5,0,31,0,2,2,0,0,2,1,0,1,0,1,5,0,1,1,0,2,0,0,1,5,19,0
Text0214,2,13,15,0,24,8,3,42,1,13,1,0,3,1,0,4,3,6,2,2,0,0,3,0,6,5,4,0,2,20,0
Text0215,73,25,123,12,146,81,11,245,7,76,61,21,65,30,8,78,19,39,22,27,8,17,41,14,49,4,78,8,27,19,0
Text0216,14,14,22,5,43,14,0,95,2,23,10,5,4,6,2,19,1,9,2,10,3,4,10,3,18,1,19,2,10,16,0
Text0217,19,14,49,0,64,34,8,136,8,37,6,4,17,16,1,20,10,22,11,9,0,0,10,4,26,0,20,1,9,18,0
Text0218,19,9,48,18,67,39,2,141,1,24,8,4,20,16,1,32,8,7,4,3,3,4,15,5,22,2,32,1,3,21,0
Text0219,17,19,32,4,37,19,0,105,4,17,15,6,7,10,2,30,9,7,1,5,2,1,10,3,20,0,30,2,5,16,0
Text0220,11,5,9,2,12,7,0,48,1,1,3,2,4,2,0,8,1,3,2,4,1,0,6,0,8,0,8,0,4,11,0
Text0221,36,64,62,9,67,37,0,121,3,51,11,5,23,16,4,54,8,7,6,3,4,1,24,9,38,0,54,4,3,15,0
Text0222,24,8,53,10,68,32,1,121,0,25,8,4,20,20,1,39,5,15,4,0,3,1,15,0,14,2,39,1,0,30,0
Text0223,45,5,54,5,67,39,7,159,6,25,22,4,20,16,5,33,13,11,11,16,4,2,12,17,30,5,33,5,16,18,0
Text0224,43,20,110,1,81,55,10,205,5,55,15,3,22,30,2,26,17,26,12,29,2,2,14,9,37,7,26,2,29,20,0
Text0225,39,59,89,12,97,64,3,226,11,66,7,13,26,12,2,61,14,7,6,13,2,1,27,8,45,6,61,2,13,18,0
Text0226,24,35,60,7,66,32,2,134,8,36,21,7,10,8,2,44,4,7,11,6,2,4,16,9,33,0,44,2,6,16,0
Text0227,20,19,31,2,44,26,6,95,3,25,2,1,7,7,0,12,6,2,4,0,4,0,7,2,7,0,12,0,0,36,0
Text0228,21,10,20,10,33,16,2,112,1,49,5,5,6,3,0,9,5,4,3,6,1,0,8,0,10,0,9,0,6,32,0
Text0229,102,107,171,14,218,124,17,365,17,111,50,37,88,33,9,53,43,36,41,55,6,11,54,15,111,27,53,9,55,15,0
Text0230,47,29,79,11,92,43,12,168,1,37,39,12,19,16,14,42,16,13,7,17,8,2,20,0,43,3,42,14,17,25,0
Text0231,4,2,10,4,15,18,3,39,1,12,0,2,0,2,0,5,1,3,1,6,1,0,4,0,7,0,5,0,6,15,0
Text0232,21,4,33,0,40,14,0,102,3,13,10,3,5,6,0,22,11,13,3,2,0,1,4,9,16,1,22,0,2,17,0
Text0233,8,6,13,0,14,8,1,54,1,4,6,3,2,6,1,7,1,5,0,6,0,1,3,1,8,0,7,1,6,15,0
Text0234,20,7,32,9,44,25,3,92,0,18,7,4,7,7,2,14,3,5,2,3,0,1,9,8,12,1,14,2,3,22,0
Text0235,11,9,15,4,26,22,1,68,2,11,4,2,5,6,0,11,4,4,3,0,1,0,4,2,14,0,11,0,0,14,0
Text0236,19,4,27,2,34,26,7,85,0,19,22,3,13,11,1,6,5,6,17,9,1,2,10,3,22,1,6,1,9,21,0
Text0237,25,11,33,4,43,23,6,100,1,13,15,7,10,5,2,11,9,5,6,12,0,0,7,0,17,0,11,2,12,20,0
Text0238,63,32,75,39,103,69,5,197,4,34,20,15,48,35,7,54,15,22,14,11,5,2,26,15,53,2,54,7,11,16,0
Text0239,23,8,46,8,54,32,3,121,0,18,7,5,21,9,0,25,10,9,3,0,4,3,11,0,16,3,25,0,0,23,0
Text0240,9,4,12,1,15,10,2,41,0,15,3,4,8,0,0,10,2,4,1,1,0,0,4,6,12,0,10,0,1,10,0
Text0241,19,37,51,4,42,35,2,115,2,39,12,3,19,16,4,38,17,7,3,9,2,4,7,9,32,3,38,4,9,15,0
Text0242,146,43,225,61,303,138,51,439,7,155,175,66,168,88,25,197,77,47,38,58,17,33,104,0,121,25,197,25,58,35,0
Text0243,5,22,5,0,15,12,1,33,2,11,3,3,2,4,0,13,4,0,1,3,1,0,3,3,9,0,13,0,3,13,0
Text0244,18,9,41,16,48,22,1,105,7,25,3,4,8,9,1,20,9,12,3,7,2,0,12,6,16,3,20,1,7,21,0
Text0245,27,10,27,11,38,24,10,79,1,9,10,6,10,14,0,2,6,4,8,6,2,2,6,2,15,4,2,0,6,25,0
Text0246,12,3,22,5,22,6,3,50,0,4,17,2,5,6,1,16,1,8,3,9,3,1,6,4,14,1,16,1,9,28,0
Text0247,5,0,9,2,14,5,0,42,2,5,1,2,2,5,1,5,4,2,0,2,1,1,0,1,4,0,5,1,2,19,0
Text0248,61,26,109,23,114,66,7,251,0,54,64,21,39,35,3,54,28,19,24,39,7,10,36,0,49,7,54,3,39,37,0
Text0249,9,6,18,0,30,14,2,71,1,11,6,2,5,12,0,10,5,10,5,5,1,1,4,2,12,0,10,0,5,16,0
Text0250,28,14,48,11,38,21,7,88,3,19,43,7,31,14,3,21,15,8,24,15,4,3,21,1,31,3,21,3,15,18,0
Text0251,28,16,26,4,40,26,3,98,5,13,10,7,11,6,2,19,9,3,1,5,5,1,8,9,17,5,19,2,5,18,0
Text0252,76,26,96,23,101,76,4,200,7,39,43,15,57,29,1,69,22,15,7,22,3,2,32,17,58,10,69,1,22,16,0
Text0253,22,6,54,8,53,32,10,88,1,12,25,3,23,8,0,20,7,4,9,14,4,6,13,2,19,3,20,0,14,41,0
Text0254,5,0,13,0,16,6,1,40,1,6,1,2,6,3,0,3,2,9,5,2,2,0,1,2,7,0,3,0,2,14,0
Text0255,16,8,45,24,59,21,5,107,1,20,45,9,28,25,7,17,15,7,11,26,6,5,16,0,36,4,17,7,26,15,0
Text0256,106,67,150,18,188,100,27,252,5,78,31,19,79,40,9,14,25,39,35,25,0,1,47,0,46,8,14,9,25,28,0
Text0257,6,4,14,2,21,7,0,51,1,12,5,5,1,3,1,11,2,8,4,2,0,0,2,0,11,0,11,1,2,11,0
Text0258,14,1,16,8,18,18,1,70,2,11,4,3,2,6,1,8,3,2,1,3,0,0,10,2,7,2,8,1,3,23,0
Text0259,42,10,65,10,88,44,2,159,2,32,3,11,24,12,1,51,12,12,1,4,2,2,17,0,24,0,51,1,4,23,0
Text0260,6,0,11,2,13,8,1,36,0,3,3,3,3,4,0,2,2,1,3,3,0,0,3,2,5,0,2,0,3,15,0
Text0261,12,72,20,0,42,18,0,85,4,13,0,1,2,3,0,5,3,4,4,4,0,0,6,0,45,1,5,0,4,6,0
Text0262,16,14,15,0,27,18,0,66,0,17,8,7,3,5,1,6,8,7,4,9,1,1,7,7,15,4,6,1,9,13,0
Text0263,35,21,57,8,60,62,4,150,4,31,27,18,18,28,3,49,12,8,4,10,3,2,21,18,40,3,49,3,10,15,0
Text0264,14,6,15,6,13,13,2,38,0,13,16,4,15,8,1,4,3,2,11,10,0,3,11,0,13,1,4,1,10,29,0
Text0265,28,33,28,7,56,39,2,113,12,15,9,8,14,9,1,14,8,6,2,16,2,0,7,7,11,2,14,1,16,33,0
Text0266,14,16,50,14,49,38,7,140,3,25,4,2,9,13,1,11,10,4,8,8,3,0,16,0,18,1,11,1,8,30,0
Text0267,19,2,19,7,24,11,5,46,0,1,13,4,10,9,1,1,7,4,4,10,0,0,5,1,8,0,1,1,10,29,0
Text0268,6,25,11,0,13,6,0,34,1,22,1,0,4,2,1,11,2,1,2,0,1,0,8,0,7,1,11,1,0,16,0
Text0269,23,6,37,2,53,22,1,94,2,22,20,3,18,8,1,24,10,7,6,5,0,1,16,5,19,3,24,1,5,18,0
Text0270,24,8,53,10,68,32,1,121,0,25,8,4,20,20,1,39,5,15,4,0,3,1,15,0,14,2,39,1,0,30,0
Text0271,39,20,74,11,98,48,12,182,4,45,26,18,49,28,9,20,19,11,20,18,5,3,18,10,50,8,20,9,18,15,0
Text0272,13,6,21,5,24,18,2,74,1,14,4,3,2,2,0,7,4,5,2,7,0,1,6,1,14,1,7,0,7,15,0
Text0273,57,34,88,0,82,57,0,191,3,33,16,13,27,17,4,57,11,11,4,8,3,1,21,10,42,5,57,4,8,16,0
Text0274,55,26,88,16,108,64,15,236,11,61,35,14,41,28,5,52,14,13,10,26,4,6,20,21,58,11,52,5,26,17,0
Text0275,87,31,164,34,180,130,15,344,2,60,63,18,73,32,14,45,44,11,37,53,12,10,58,8,91,13,45,14,53,22,0
Text0276,13,9,22,0,36,25,5,78,10,12,2,3,3,5,1,17,6,5,0,1,1,1,7,0,15,2,17,1,1,15,0
Text0277,17,9,32,5,35,30,2,96,5,30,2,6,10,10,1,14,5,6,2,6,1,0,11,5,18,1,14,1,6,16,0
Text0278,55,23,102,14,89,70,12,188,2,53,51,11,59,18,6,69,26,12,17,16,8,9,22,1,70,8,69,6,16,15,0
Text0279,5,2,10,0,7,4,1,36,0,5,0,3,3,3,1,2,1,4,1,3,0,0,3,0,4,0,2,1,3,15,0
Text0280,52,33,83,4,89,60,10,147,5,57,30,8,35,24,3,28,20,19,15,25,6,4,23,0,33,4,28,3,25,36,0
Text0281,74,30,93,19,103,68,7,174,1,25,38,15,44,21,7,57,15,24,10,14,5,5,24,1,43,8,57,7,14,26,0
Text0282,20,15,30,2,49,34,0,96,4,26,3,7,11,9,3,24,6,3,4,2,3,1,9,3,14,0,24,3,2,22,0
Text0283,4,4,16,0,16,8,3,65,0,11,1,0,5,4,1,8,3,2,3,3,0,0,3,5,12,3,8,1,3,12,0
Text0284,37,19,107,10,98,61,17,213,2,81,29,17,22,41,5,54,12,33,8,17,2,1,31,7,40,6,54,5,17,25,0
Text0285,12,17,35,5,46,24,7,94,0,18,9,5,5,7,0,9,8,6,3,2,0,2,13,0,19,3,9,0,2,19,0
Text0286,10,2,16,5,26,17,0,48,1,10,13,4,10,6,1,8,6,6,12,6,1,0,10,2,10,2,8,1,6,34,0
Text0287,41,35,63,6,71,45,2,150,4,35,17,11,34,21,1,43,16,15,17,14,2,2,21,11,39,4,43,1,14,16,0
Text0288,31,13,67,5,85,47,9,198,4,56,35,16,30,17,1,62,9,29,8,17,1,3,23,19,48,7,62,1,17,15,0
Text0289,53,16,94,4,102,38,2,198,1,33,7,6,39,17,4,62,10,18,2,0,3,5,20,0,28,2,62,4,0,24,0
Text0290,3,2,17,0,19,7,0,47,3,9,7,0,7,2,2,5,1,1,3,7,1,0,4,6,9,1,5,2,7,14,0
Text0291,57,32,97,17,121,53,6,243,9,48,37,33,41,31,5,68,20,19,10,17,3,6,27,21,56,6,68,5,17,16,0
Text0292,0,0,7,0,11,2,0,32,2,0,0,0,1,1,0,0,0,3,0,5,0,0,0,0,2,0,0,0,5,16,0
Text0293,5,4,16,2,28,18,0,51,0,25,0,3,5,8,0,4,5,13,3,3,2,0,10,0,7,2,4,0,3,24,0
Text0294,7,9,14,5,24,5,3,52,2,11,3,4,5,1,0,4,4,5,2,3,0,0,3,1,6,0,4,0,3,21,0
Text0295,13,10,28,3,32,11,3,85,2,18,19,4,16,11,3,23,11,7,3,3,3,3,8,10,20,1,23,3,3,15,0
Text0296,13,23,11,5,14,15,0,30,0,7,2,1,2,2,1,13,3,1,0,4,0,0,2,0,9,1,13,1,4,13,0
Text0297,32,22,55,24,67,51,2,112,5,25,45,10,26,20,10,43,15,15,7,18,6,3,21,0,36,5,43,10,18,17,0
Text0298,36,12,55,3,76,37,5,142,2,23,16,16,17,12,0,19,11,11,2,9,3,2,15,4,14,3,19,0,9,33,0
Text0299,39,15,61,0,71,41,4,135,2,27,7,8,21,14,1,40,13,9,3,4,2,2,10,3,23,5,40,1,4,20,0
Text0300,72,93,137,30,159,80,19,270,8,100,2,9,17,31,5,16,15,8,13,9,0,4,18,0,68,6,16,5,9,23,0
Text0301,22,5,32,5,43,36,2,104,3,20,6,7,17,13,2,4,8,9,7,17,1,0,10,2,13,2,4,2,17,24,0
Text0302,19,15,43,4,51,35,4,100,3,25,8,2,11,8,1,24,10,4,3,6,1,2,11,5,24,2,24,1,6,15,0
Text0303,46,54,76,13,105,81,1,170,5,61,11,9,27,8,2,63,16,10,9,13,10,3,21,9,33,6,63,2,13,19,0
Text0304,85,46,174,32,195,99,28,298,3,64,91,21,80,49,16,61,19,30,32,57,6,14,55,1,50,18,61,16,57,26,0
Text0305,40,33,63,24,72,64,1,246,0,63,9,8,20,7,5,12,13,10,7,19,4,2,29,1,24,9,12,5,19,36,0
Text0306,46,38,56,4,65,41,3,122,12,42,28,8,24,15,4,53,7,4,11,6,2,4,24,9,37,4,53,4,6,15,0
Text0307,12,6,29,2,35,24,3,66,3,8,13,2,8,8,0,8,1,1,8,11,1,1,6,0,11,1,8,0,11,20,0
Text0308,45,6,67,13,77,47,5,178,8,36,43,10,33,19,3,48,13,19,14,23,5,7,28,20,41,5,48,3,23,17,0
Text0309,23,44,51,0,69,39,1,125,3,31,9,8,17,8,0,47,15,6,6,7,4,2,12,5,29,3,47,0,7,17,0
Text0310,19,7,50,2,60,29,0,140,3,34,7,6,16,10,4,13,11,10,5,10,2,0,20,4,24,4,13,4,10,18,0
Text0311,53,55,79,11,104,69,5,177,7,66,18,24,40,15,4,47,22,11,11,12,5,1,25,8,45,5,47,4,12,19,0
Text0312,52,16,78,22,80,73,6,168,2,46,40,31,50,24,6,72,23,10,9,14,4,7,34,17,58,7,72,6,14,15,0
Text0313,30,20,66,15,55,34,1,136,2,29,27,4,14,19,2,41,8,6,14,10,4,0,17,0,28,3,41,2,10,29,0
Text0314,19,5,20,7,23,19,0,51,5,17,6,4,8,4,0,7,2,5,7,8,0,1,2,1,14,2,7,0,8,12,0
Text0315,13,2,30,4,43,24,1,88,1,15,12,6,10,4,0,25,4,5,3,4,3,1,6,7,16,3,25,0,4,17,0
Text0316,24,6,42,5,55,23,2,113,4,28,4,7,11,3,1,20,8,14,6,5,1,1,8,5,17,2,20,1,5,20,0
Text0317,16,6,30,7,31,11,3,80,2,20,2,2,7,7,1,21,1,15,3,2,0,3,12,0,13,3,21,1,2,17,0
Text0318,11,3,21,10,25,19,1,45,1,10,8,2,11,8,1,5,4,2,8,7,1,0,10,0,11,1,5,1,7,23,0
Text0319,17,20,28,6,36,19,5,72,3,19,1,0,11,3,0,12,8,2,1,3,2,0,9,0,17,1,12,0,3,12,0
Text0320,11,17,39,11,46,14,5,102,2,30,23,5,20,7,3,48,11,10,9,5,6,1,13,14,43,3,48,3,5,10,0
Text0321,104,32,169,54,234,119,20,377,10,88,96,54,106,65,12,150,54,48,37,35,14,6,81,6,69,9,150,12,35,49,0
Text0322,27,46,39,72,48,39,0,93,2,31,3,7,8,11,0,20,8,5,2,2,0,0,6,0,25,2,20,0,2,17,0
Text0323,7,7,11,9,32,10,6,65,7,15,3,6,9,0,3,7,5,7,3,3,1,1,7,4,12,2,7,3,3,16,0
Text0324,8,6,21,2,15,14,2,61,0,14,4,4,2,7,1,8,1,1,3,4,1,0,10,4,11,0,8,1,4,14,0
Text0325,9,28,15,0,19,13,0,39,1,12,0,2,4,3,0,10,4,2,2,2,1,0,5,0,8,0,10,0,2,16,0
Text0326,25,32,45,6,46,33,3,134,1,40,23,5,21,6,2,33,11,8,9,10,2,4,9,12,44,3,33,2,10,12,0
Text0327,26,16,88,0,78,31,6,145,5,34,23,10,19,27,4,38,16,21,4,11,2,2,17,2,25,5,38,4,11,29,0
Text0328,11,10,21,0,20,10,0,53,1,16,6,1,5,4,1,14,3,3,1,3,1,1,5,4,10,0,14,1,3,15,0
Text0329,27,41,43,6,55,33,3,109,4,45,6,9,18,11,2,24,8,9,13,3,1,2,15,4,24,5,24,2,3,18,0
Text0330,25,8,42,12,61,40,5,151,3,32,35,11,29,16,2,37,10,17,19,8,1,4,14,26,46,6,37,2,8,13,0
Text0331,21,3,45,2,49,24,1,98,0,15,10,8,20,12,1,28,7,7,1,3,1,3,10,0,13,0,28,1,3,24,0
Text0332,24,21,46,11,45,17,5,84,0,40,10,7,21,9,4,20,9,8,9,5,2,1,11,8,22,2,20,4,5,17,0
Text0333,68,30,99,5,111,52,16,227,0,68,41,9,33,30,8,50,19,22,21,22,10,3,27,15,54,12,50,8,22,17,0
Text0334,12,3,21,0,24,20,4,67,1,6,5,5,1,5,0,7,4,7,3,5,0,0,4,1,10,2,7,0,5,17,0
Text0335,41,15,92,4,66,47,15,158,8,59,41,9,29,27,9,26,13,16,28,17,3,5,19,0,44,8,26,9,17,35,0
Text0336,32,19,35,13,58,36,0,140,4,13,8,8,28,12,1,25,9,3,2,4,1,1,12,6,21,1,25,1,4,19,0
Text0337,93,66,183,19,175,123,7,325,6,111,41,25,50,39,9,110,42,24,7,16,7,5,44,15,84,10,110,9,16,18,0
Text0338,5,9,15,0,17,5,0,49,2,7,2,1,3,6,0,6,3,4,0,6,3,0,3,0,6,0,6,0,6,18,0
Text0339,46,57,65,8,93,56,0,155,4,59,2,14,25,18,2,49,22,11,5,4,0,1,24,0,35,3,49,2,4,19,0
Text0340,55,32,100,20,89,60,2,168,11,59,31,6,31,12,9,31,12,13,25,26,4,4,21,0,41,3,31,9,26,33,0
Text0341,7,9,10,0,14,9,0,34,1,6,0,2,1,1,0,7,1,1,2,1,0,0,0,0,8,2,7,0,1,10,0
Text0342,25,8,31,5,42,26,6,87,1,26,26,11,21,14,2,22,6,11,10,12,0,3,18,9,25,5,22,2,12,16,0
Text0343,23,26,47,2,78,33,2,161,3,49,18,15,12,13,0,51,19,25,5,6,6,5,19,12,25,3,51,0,6,23,0
Text0344,23,20,33,4,50,32,5,115,3,54,1,0,1,7,3,2,8,2,11,6,0,2,20,0,13,4,2,3,6,25,0
Text0345,108,68,156,10,186,129,2,323,7,109,37,21,50,30,8,92,37,20,9,14,4,2,31,15,83,4,92,8,14,17,0
Text0346,60,20,67,7,109,83,8,244,7,55,34,28,31,18,1,30,27,17,20,36,6,2,24,18,55,13,30,1,36,16,0
Text0347,26,28,44,17,46,36,2,103,1,23,12,5,10,14,1,32,6,5,5,4,3,1,10,5,19,0,32,1,4,21,0
Text0348,65,3,90,1,97,77,18,183,3,34,42,16,41,32,4,23,16,19,13,31,5,9,19,0,41,8,23,4,31,22,0
Text0349,46,25,80,7,88,55,4,157,0,46,45,14,41,24,5,53,20,14,11,16,6,1,26,8,36,6,53,5,16,18,0
Text0350,11,0,23,1,19,12,4,79,5,9,14,1,9,11,1,16,5,2,4,9,1,1,5,7,21,0,16,1,9,11,0
Text0351,36,35,87,7,103,70,1,245,6,55,33,25,25,26,6,62,21,16,16,18,5,4,27,1,58,4,62,6,18,21,0
Text0352,71,33,116,5,98,85,6,201,1,31,27,12,40,25,4,65,11,10,3,14,2,6,32,0,44,6,65,4,14,21,0
Text0353,71,107,111,14,157,113,1,296,2,81,22,21,33,13,1,83,31,16,14,13,2,10,18,13,58,14,83,1,13,18,0
Text0354,4,16,14,4,13,10,0,38,2,4,0,0,1,3,0,5,3,2,1,4,1,0,1,0,6,0,5,0,4,16,0
Text0355,7,7,21,2,34,20,8,58,2,26,2,3,6,8,2,2,5,11,6,4,0,0,5,0,12,1,2,2,4,17,0
Text0356,7,6,13,5,22,9,3,50,2,6,2,1,2,6,1,10,0,5,3,0,2,0,1,0,6,0,10,1,0,20,0
Text0357,127,28,176,49,216,159,12,503,9,106,64,44,95,48,25,34,41,18,17,113,7,20,74,2,83,27,34,25,113,20,0
Text0358,30,4,52,20,55,39,4,107,2,32,1,8,22,15,2,30,14,13,5,1,2,2,14,0,18,3,30,2,1,24,0
Text0359,30,10,39,13,75,42,8,137,1,28,25,14,20,6,1,49,9,11,2,1,2,2,26,12,33,2,49,1,1,16,0
Text0360,11,6,24,2,29,8,2,60,0,11,8,9,11,5,0,10,5,7,3,3,2,0,1,4,11,0,10,0,3,17,0
Text0361,54,22,82,8,83,53,2,189,10,53,21,3,30,15,4,67,17,13,4,5,2,2,17,12,46,6,67,4,5,16,0
Text0362,38,7,51,10,43,49,6,127,0,37,24,21,35,21,8,25,5,5,13,6,1,1,22,0,60,8,25,8,6,8,0
Text0363,7,4,6,2,10,9,0,41,0,3,1,2,1,1,1,5,1,4,2,0,1,0,2,3,6,0,5,1,0,12,0
Text0364,5,4,14,4,23,5,2,42,1,5,12,6,1,5,1,6,4,1,5,7,0,0,5,2,13,0,6,1,7,15,0
Text0365,23,15,37,4,32,23,0,89,4,29,3,3,10,7,0,21,7,4,5,5,0,0,4,2,19,1,21,0,5,15,0
Text0366,5,18,9,2,12,4,0,21,3,15,0,2,1,1,0,7,1,1,0,0,0,0,5,0,5,0,7,0,0,15,0
Text0367,73,78,125,24,147,102,6,217,2,76,62,14,58,33,8,89,34,15,21,28,7,6,43,0,62,7,89,8,28,27,0
Text0368,24,14,50,3,52,46,16,112,5,44,21,5,23,18,3,28,12,10,8,14,5,1,13,0,34,3,28,3,14,38,0
Text0369,17,20,35,5,41,33,1,87,1,28,25,10,18,10,1,27,12,10,13,7,3,2,11,11,29,7,27,1,7,13,0
Text0370,70,16,84,39,92,67,7,195,12,55,19,13,55,17,3,34,19,21,19,22,5,3,30,2,41,4,34,3,22,22,0
Text0371,49,67,99,16,100,52,0,172,5,56,17,10,27,12,1,58,20,8,13,6,4,3,29,10,40,4,58,1,6,20,0
Text0372,14,6,27,4,32,20,0,76,1,14,8,2,8,4,0,18,8,5,6,4,5,2,4,7,14,3,18,0,4,17,0
Text0373,4,12,18,0,22,10,1,44,0,9,0,0,2,2,0,4,2,3,0,6,0,0,2,2,6,2,4,0,6,18,0
Text0374,7,1,19,0,21,20,1,56,1,6,3,1,3,11,0,8,4,10,0,4,0,0,3,2,6,1,8,0,4,23,0
Text0375,18,12,42,10,51,33,5,79,0,16,22,1,22,8,3,11,9,6,1,19,0,2,10,0,21,1,11,3,19,28,0
Text0376,2,0,5,0,4,4,1,37,1,1,0,0,2,3,0,3,1,5,0,2,0,0,1,5,8,0,3,0,2,7,0
Text0377,6,4,6,17,9,7,2,50,0,17,2,1,7,2,0,5,4,0,2,0,1,0,0,2,4,0,5,0,0,30,0
Text0378,51,42,71,13,77,43,2,159,6,40,24,18,23,19,5,55,16,14,8,18,5,4,18,14,55,5,55,5,18,14,0
Text0379,109,34,185,49,198,142,13,286,1,76,169,25,98,68,18,110,44,8,55,51,5,10,59,0,118,5,110,18,51,19,0
Text0380,7,11,15,5,21,11,1,46,2,6,5,1,9,3,0,14,4,3,1,0,1,0,5,3,7,0,14,0,0,19,0
Text0381,27,23,62,7,69,42,2,147,1,35,21,7,24,21,4,40,8,9,6,9,2,5,21,0,36,4,40,4,9,22,0
Text0382,4,1,5,26,3,4,0,49,1,1,0,2,0,1,1,1,1,1,0,2,0,0,0,0,3,0,1,1,2,27,0
Text0383,16,9,37,3,49,34,13,86,4,20,45,2,20,12,1,15,13,5,9,16,0,2,15,0,27,1,15,1,16,26,0
Text0384,11,13,41,11,54,22,1,92,4,22,15,3,12,9,1,32,2,6,5,7,1,2,14,10,25,1,32,1,7,15,0
Text0385,61,40,88,10,107,57,7,221,9,82,43,15,74,21,6,60,20,21,13,33,7,8,45,23,64,6,60,6,33,16,0
Text0386,19,3,40,1,38,31,1,99,0,14,7,13,15,8,1,14,9,5,1,14,3,1,8,8,21,1,14,1,14,15,0
Text0387,111,98,184,62,235,119,14,355,1,115,66,22,115,27,12,54,39,44,38,69,9,6,69,13,56,23,54,12,69,24,0
Text0388,16,9,30,1,42,25,1,76,4,12,8,9,9,7,1,17,2,2,3,6,0,1,6,9,19,3,17,1,6,14,0
Text0389,6,14,20,2,28,11,3,48,4,16,5,2,10,5,2,8,4,4,0,5,0,0,4,0,13,1,8,2,5,13,0
Text0390,87,79,123,12,130,78,5,206,3,82,61,21,61,31,5,73,37,14,24,30,9,6,31,0,57,6,73,5,30,34,0
Text0391,99,45,156,25,162,92,8,317,8,66,76,16,113,36,9,7,73,14,28,132,0,3,66,0,107,8,7,9,132,14,0
Text0392,11,9,16,6,26,17,1,66,4,11,5,7,10,11,2,11,7,4,4,5,0,1,7,0,12,0,11,2,5,21,0
Text0393,18,5,17,0,24,17,3,72,2,9,6,1,4,8,0,12,6,3,1,2,0,0,2,7,10,0,12,0,2,17,0
Text0394,90,37,113,15,119,99,7,240,6,63,63,24,40,43,5,83,34,15,21,35,10,6,42,0,62,8,83,5,35,34,0
Text0395,31,56,51,4,63,30,0,115,6,51,4,10,11,8,3,39,13,7,3,3,2,1,21,0,26,6,39,3,3,17,0
Text0396,16,5,26,6,25,16,5,65,0,11,15,2,17,9,2,11,6,3,9,7,0,2,7,4,16,0,11,2,7,26,0
Text0397,24,19,65,8,78,38,0,180,5,41,4,14,17,8,2,40,8,4,4,4,2,5,14,0,27,1,40,2,4,22,0
Text0398,62,48,117,13,110,81,4,191,7,54,36,14,39,17,2,79,23,19,9,9,5,7,32,12,55,2,79,2,9,18,0
Text0399,45,9,85,15,82,61,14,162,8,63,31,9,43,17,4,44,16,18,18,16,2,6,16,0,49,5,44,4,16,31,0
Text0400,4,4,13,0,13,12,0,40,1,7,2,3,4,0,0,8,3,5,1,2,0,1,4,0,5,1,8,0,2,18,0
Text0401,16,8,27,4,27,16,4,57,2,6,7,4,18,5,1,4,8,6,5,4,0,1,8,0,8,1,4,1,4,24,0
Text0402,79,165,135,16,199,171,1,353,8,101,20,22,30,15,2,73,44,14,26,17,1,7,33,6,64,18,73,2,17,22,0
Text0403,43,7,111,14,86,49,14,147,0,55,55,5,67,25,2,28,11,21,30,43,8,10,35,0,44,6,28,2,43,20,0
Text0404,11,4,15,6,30,8,1,83,2,16,6,5,6,3,0,16,4,6,6,4,2,1,2,12,22,1,16,0,4,10,0
Text0405,7,5,17,4,26,19,4,72,1,9,6,4,4,5,0,6,6,3,3,5,2,0,7,2,7,0,6,0,5,33,0
Text0406,11,5,22,5,24,11,1,56,1,16,2,1,6,5,1,19,9,4,3,0,2,1,6,1,11,0,19,1,0,17,0
Text0407,15,17,36,4,49,28,2,75,5,24,8,2,14,5,1,20,6,4,3,3,0,2,9,2,19,0,20,1,3,17,0
Text0408,12,15,18,4,23,16,2,49,1,20,12,3,14,4,2,11,3,2,4,8,0,2,9,5,14,2,11,2,8,15,0
Text0409,21,6,40,2,61,22,0,140,6,40,32,18,26,12,3,53,10,12,7,10,3,6,17,11,29,1,53,3,10,18,0
Text0410,7,5,13,0,7,13,0,28,3,1,3,0,0,3,0,8,1,0,0,3,1,1,2,0,4,2,8,0,3,17,0
Text0411,14,3,28,2,40,26,1,83,3,9,2,8,7,3,0,11,9,6,0,5,0,1,5,2,9,1,11,0,5,24,0
Text0412,2,9,6,2,12,9,0,41,0,8,2,3,2,0,0,8,2,1,0,1,0,0,2,5,11,1,8,0,1,8,0
Text0413,28,20,46,2,42,28,0,92,2,27,7,5,11,7,2,15,9,4,2,8,2,0,11,3,19,5,15,2,8,16,0
Text0414,9,6,20,0,23,16,1,74,1,15,2,2,4,2,0,11,9,4,2,2,3,1,7,6,14,1,11,0,2,14,0
Text0415,13,14,21,4,32,21,2,55,0,12,6,5,10,7,2,12,5,3,0,0,2,0,8,0,7,0,12,2,0,26,0
Text0416,16,6,41,12,43,34,2,104,0,10,11,4,8,9,1,11,5,7,7,16,2,1,10,0,23,7,11,1,16,21,0
Text0417,35,18,74,0,62,36,8,117,4,52,23,4,28,15,4,34,13,13,12,9,3,3,15,1,31,5,34,4,9,23,0
Text0418,11,8,16,0,24,17,1,66,1,9,3,5,8,7,1,7,6,3,1,4,0,0,3,5,10,1,7,1,4,17,0
Text0419,11,10,16,0,18,21,4,36,1,9,3,4,5,3,0,4,4,4,1,3,0,0,3,0,7,1,4,0,3,18,0
Text0420,21,24,49,12,64,33,0,146,2,30,9,9,15,10,1,29,6,9,3,12,3,1,10,8,26,4,29,1,12,17,0
Text0421,8,0,13,2,17,9,1,38,2,9,2,3,7,6,0,7,3,10,3,4,0,0,4,0,6,1,7,0,4,19,0
Text0422,62,41,91,14,124,105,2,189,9,72,16,21,39,22,1,50,21,14,8,8,4,5,23,5,45,6,50,1,8,19,0
Text0423,10,13,39,8,35,28,1,101,4,38,1,4,7,13,0,12,7,8,5,7,1,0,12,0,16,0,12,0,7,20,0
Text0424,52,26,64,5,76,34,6,129,1,38,47,12,47,10,0,57,14,8,9,13,1,6,24,0,40,3,57,0,13,25,0
Text0425,66,30,88,28,88,54,9,129,1,37,53,6,61,23,5,77,8,13,6,11,2,7,36,0,49,9,77,5,11,32,0
Text0426,26,21,65,16,57,35,0,134,2,49,18,6,18,6,4,49,7,7,11,5,3,1,21,16,52,0,49,4,5,11,0
Text0427,34,13,77,14,93,46,4,166,0,26,19,6,39,10,3,47,12,12,5,1,5,0,23,0,29,0,47,3,1,24,0
Text0428,31,13,54,20,61,40,1,96,0,24,2,7,16,9,1,24,15,14,5,0,0,5,11,0,12,2,24,1,0,31,0
Text0429,8,11,16,2,24,9,1,48,0,9,7,1,9,4,3,11,3,3,0,1,1,0,4,4,9,1,11,3,1,16,0
Text0430,12,22,44,8,36,25,1,95,1,14,7,4,4,5,3,7,0,4,5,10,1,1,11,2,17,1,7,3,10,25,0
Text0431,47,31,109,19,127,69,17,240,5,57,61,16,38,25,13,60,26,22,8,21,3,4,27,1,85,4,60,13,21,19,0
Text0432,37,21,47,10,63,42,3,113,2,36,8,7,11,13,1,22,11,11,6,12,5,2,8,4,23,5,22,1,12,16,0
Text0433,50,60,74,2,91,54,2,165,5,60,19,13,28,14,4,53,17,5,5,10,4,2,23,8,43,10,53,4,10,15,0
Text0434,10,1,16,0,22,13,2,43,1,19,5,3,12,4,0,12,6,0,3,2,2,1,5,4,10,2,12,0,2,15,0
Text0435,57,24,93,20,94,70,10,218,5,63,35,25,46,32,3,33,25,26,25,36,4,2,21,22,77,9,33,3,36,13,0
Text0436,39,21,53,0,58,32,1,149,6,31,26,6,28,20,8,35,16,5,10,7,1,1,25,16,36,4,35,8,7,15,0
Text0437,46,34,122,5,103,56,2,257,6,86,25,22,29,34,4,78,26,15,16,7,6,5,31,13,55,3,78,4,7,19,0
Text0438,69,10,116,14,144,60,14,223,5,70,66,15,60,40,4,66,29,27,15,29,8,11,39,0,49,16,66,4,29,32,0
Text0439,7,3,9,11,9,14,2,43,0,9,1,1,2,3,0,1,1,2,2,2,2,0,5,0,5,0,1,0,2,20,0
Text0440,52,18,100,16,83,79,4,220,8,41,58,18,46,18,10,65,9,11,20,31,7,3,34,3,63,2,65,10,31,22,0
Text0441,77,29,139,21,161,79,15,289,3,93,67,43,48,34,11,35,27,41,34,55,6,5,41,1,76,10,35,11,55,23,0
Text0442,43,16,100,0,112,54,3,234,5,61,31,19,24,14,2,85,18,33,4,13,4,4,26,16,47,5,85,2,13,19,0
Text0443,78,30,114,11,110,111,9,244,6,94,38,10,36,29,4,68,24,28,15,21,7,3,29,0,69,6,68,4,21,29,0
Text0444,6,4,12,4,18,12,0,49,0,9,1,3,4,4,0,10,3,2,0,2,1,0,3,2,5,0,10,0,2,21,0
Text0445,20,22,39,0,45,35,2,61,7,30,17,9,12,6,0,19,3,7,1,12,1,1,8,0,21,5,19,0,12,15,0
Text0446,14,9,31,2,35,23,3,83,4,16,7,5,9,6,4,16,5,5,1,7,2,3,12,0,15,3,16,4,7,17,0
Text0447,13,8,36,0,58,24,7,121,3,18,12,8,6,6,2,23,7,8,2,3,2,0,6,13,27,2,23,2,3,13,0
Text0448,3,2,18,2,17,13,0,68,0,7,5,2,1,6,0,5,5,3,1,7,0,0,3,10,20,0,5,0,7,8,0
Text0449,19,0,61,5,66,41,3,183,6,48,38,14,28,20,3,55,8,16,13,14,9,7,30,21,45,2,55,3,14,15,0
Text0450,25,19,28,9,48,30,2,96,1,19,9,13,18,4,0,25,9,9,4,3,4,2,3,10,20,3,25,0,3,17,0
Text0451,152,34,165,52,191,128,8,338,7,60,55,25,69,42,13,123,15,35,26,15,7,2,43,4,90,17,123,13,15,27,0
Text0452,114,36,241,27,198,113,23,384,3,111,77,20,115,40,18,151,30,29,19,20,14,7,64,0,92,17,151,18,20,23,0
Text0453,9,3,20,7,25,9,0,49,2,5,2,4,5,4,0,5,2,17,6,4,0,0,4,0,7,0,5,0,4,37,0
Text0454,12,24,29,3,30,20,4,84,1,14,6,3,3,6,2,17,3,3,2,8,0,0,8,7,21,1,17,2,8,13,0
Text0455,6,2,13,4,17,7,0,34,0,2,4,0,3,3,0,2,1,4,0,8,0,0,3,0,4,1,2,0,8,18,0
Text0456,52,6,65,7,59,52,18,156,0,58,29,13,37,22,7,26,16,6,14,16,5,11,23,12,39,3,26,7,16,17,0
Text0457,8,18,9,6,13,7,0,27,0,12,1,1,5,3,0,7,2,3,0,5,0,0,5,0,7,2,7,0,5,15,0
Text0458,10,10,29,3,41,22,0,66,6,17,8,5,11,7,1,20,10,9,2,2,1,2,9,1,12,4,20,1,2,21,0
Text0459,133,127,191,42,250,167,39,439,5,145,50,35,85,45,6,55,44,23,28,52,6,5,52,0,127,15,55,6,52,16,0
Text0460,40,15,56,11,79,41,5,158,8,36,44,13,25,15,5,64,17,13,14,12,7,1,26,18,47,4,64,5,12,14,0
Text0461,134,181,191,32,181,168,8,403,4,158,6,12,55,34,12,42,37,27,24,18,4,4,62,1,58,27,42,12,18,23,0
Text0462,17,17,39,13,45,35,8,108,4,28,13,5,24,9,1,26,11,12,7,13,6,2,16,5,26,2,26,1,13,17,0
Text0463,8,3,9,6,8,11,0,35,1,5,2,0,2,1,1,5,0,1,1,1,0,0,7,2,5,0,5,1,1,14,0
Text0464,40,16,68,5,66,42,4,197,7,29,33,7,39,15,8,43,16,9,12,16,3,5,19,17,50,9,43,8,16,14,0
Text0465,13,1,28,0,44,10,5,90,7,22,5,8,5,6,0,14,11,9,2,4,0,0,5,4,14,0,14,0,4,18,0
Text0466,65,8,92,16,103,79,7,239,2,32,35,11,50,21,2,37,20,17,16,15,2,12,32,13,40,4,37,2,15,17,0
Text0467,25,4,26,6,17,22,5,53,2,7,15,2,10,9,2,7,4,1,9,10,1,3,2,0,14,6,7,2,10,21,0
Text0468,38,16,93,18,115,73,33,283,2,106,0,13,11,21,10,2,20,11,4,15,2,1,55,0,41,3,2,10,15,23,0
Text0469,44,30,86,19,83,67,1,235,1,57,9,9,27,21,1,36,22,13,8,5,1,0,30,9,43,5,36,1,5,18,0
Text0470,9,16,19,2,27,18,1,57,0,14,5,3,7,3,1,14,2,1,0,1,4,0,1,4,9,1,14,1,1,19,0
Text0471,27,10,62,8,63,33,5,132,1,16,10,9,21,14,2,40,10,7,3,1,2,5,14,0,17,2,40,2,1,26,0
Text0472,11,3,17,0,17,10,1,73,1,12,8,3,6,6,2,18,7,4,0,3,1,1,10,10,18,1,18,2,3,11,0
Text0473,35,84,58,18,66,49,3,183,1,36,6,10,20,14,0,33,10,9,7,7,2,1,15,7,35,13,33,0,7,19,0
Text0474,31,19,58,9,70,35,2,149,1,37,24,13,30,15,2,26,15,11,11,10,2,2,20,12,33,4,26,2,10,17,0
Text0475,27,36,47,10,62,41,4,105,5,37,6,7,17,8,0,18,7,8,4,10,2,1,16,4,33,1,18,0,10,11,0
Text0476,26,37,61,0,54,39,6,167,4,35,15,7,26,8,3,24,16,12,3,21,2,2,18,12,38,5,24,3,21,14,0
Text0477,5,7,7,3,16,3,0,41,2,8,1,0,4,2,0,8,2,3,1,2,0,0,1,5,11,1,8,0,2,8,0
Text0478,35,15,49,30,55,56,10,249,4,35,8,12,9,42,4,3,15,19,22,30,1,1,6,0,50,4,3,4,30,14,0
Text0479,19,5,36,8,37,25,4,97,0,13,20,9,32,14,4,18,11,6,6,11,2,1,17,0,26,2,18,4,11,19,0
Text0480,35,15,63,3,83,47,3,171,2,43,21,10,21,19,2,42,10,19,15,15,7,4,15,12,37,4,42,2,15,17,0
Text0481,6,4,17,2,17,8,1,40,2,8,0,1,3,2,0,6,5,4,1,1,0,0,1,1,9,0,6,0,1,11,0
Text0482,5,7,10,4,21,16,0,49,0,9,6,6,9,6,0,3,3,7,4,6,0,0,5,5,10,1,3,0,6,15,0
Text0483,7,19,8,2,16,10,0,37,4,19,1,5,4,3,2,12,4,2,0,1,0,0,6,0,8,0,12,2,1,15,0
Text0484,58,40,92,7,104,71,6,208,4,70,41,11,41,25,4,45,20,17,25,32,8,3,27,17,71,5,45,4,32,13,0
Text0485,33,11,63,12,67,37,4,139,5,32,29,6,36,17,1,46,11,16,3,19,4,2,19,14,49,5,46,1,19,12,0
Text0486,144,140,224,33,298,182,36,437,6,185,55,27,68,42,9,93,52,26,20,28,4,4,57,0,122,18,93,9,28,17,1
Text0487,55,27,112,52,121,94,8,234,4,77,13,13,32,26,6,11,11,18,17,24,0,3,28,0,42,9,11,6,24,22,1
Text0488,87,17,123,29,122,58,19,206,3,42,72,15,69,27,7,77,8,24,27,16,20,11,49,0,52,5,77,7,16,21,1
Text0489,33,13,67,10,78,36,5,128,3,39,17,13,30,15,3,24,7,14,10,12,4,4,20,2,24,6,24,3,12,23,1
Text0490,77,14,93,12,98,64,7,153,0,43,52,18,57,26,14,16,17,14,29,44,11,9,34,0,41,6,16,14,44,21,1
Text0491,63,14,76,22,85,68,14,132,0,40,43,13,58,20,12,27,11,14,14,32,2,2,28,0,20,12,27,12,32,21,1
Text0492,37,12,70,15,97,38,12,159,5,22,38,5,45,24,4,9,12,25,19,35,1,0,19,2,38,3,9,4,35,16,1
Text0493,41,14,54,12,62,40,7,107,1,30,22,5,27,7,6,5,8,13,26,5,0,1,19,0,14,3,5,6,5,23,1
Text0494,51,10,61,34,73,55,12,180,0,36,17,31,41,37,11,24,23,11,11,8,2,1,34,2,32,2,24,11,8,20,1
Text0495,45,11,108,10,102,43,18,162,2,42,55,16,70,24,11,17,15,13,43,49,11,11,44,0,47,9,17,11,49,18,1
Text0496,85,44,159,25,141,104,18,336,9,90,37,29,61,26,10,34,34,22,42,65,6,7,45,0,112,12,34,10,65,12,1
Text0497,237,143,431,69,368,354,75,897,18,221,107,34,167,65,25,80,60,50,65,142,21,9,126,1,253,32,80,25,142,14,1
Text0498,32,10,105,21,110,68,7,188,10,76,33,30,36,24,3,59,16,17,4,5,2,3,36,1,64,7,59,3,5,14,1
Text0499,52,9,91,8,88,67,15,181,0,47,35,14,45,25,10,4,18,12,26,35,3,4,36,0,34,11,4,10,35,24,1
Text0500,100,28,136,23,163,91,26,270,3,62,44,19,86,28,4,11,16,16,47,42,4,3,48,1,62,12,11,4,42,19,1
Text0501,77,32,121,19,135,95,25,256,6,94,30,17,61,28,9,15,13,25,25,31,3,10,37,1,62,21,15,9,31,19,1
Text0502,88,14,109,61,153,85,12,239,2,63,42,30,114,36,8,43,39,44,34,27,6,6,64,0,66,6,43,8,27,25,1
Text0503,71,15,130,43,143,102,15,303,0,54,58,23,69,50,1,38,43,27,33,53,10,11,67,0,62,9,38,1,53,39,1
Text0504,42,9,121,14,97,47,17,117,5,61,51,4,47,29,5,9,14,8,43,25,7,1,38,0,39,13,9,5,25,21,1
Text0505,68,14,123,10,112,108,15,197,0,64,35,21,64,24,10,22,27,17,23,26,7,8,36,0,35,9,22,10,26,27,1
Text0506,102,27,177,47,190,110,23,346,0,137,98,50,75,54,17,134,31,41,16,26,22,17,68,1,93,21,134,17,26,19,1
Text0507,37,12,70,18,113,60,6,132,0,45,61,26,53,29,4,48,7,11,10,11,7,6,41,0,44,9,48,4,11,19,1
Text0508,11,0,26,2,24,11,1,53,0,6,9,1,8,4,1,1,2,4,5,8,0,0,5,0,3,0,1,1,8,23,1
Text0509,55,19,139,21,118,63,16,169,3,69,75,10,59,29,5,74,18,9,18,10,8,10,39,0,49,5,74,5,10,22,1
Text0510,89,88,87,29,162,98,17,264,5,112,52,23,69,19,8,70,27,15,11,25,3,6,38,0,71,19,70,8,25,16,1
Text0511,24,8,51,21,40,20,11,81,0,13,39,7,33,13,0,26,11,12,21,9,7,6,23,0,20,1,26,0,9,29,1
Text0512,65,16,90,5,88,73,8,188,7,43,33,15,38,16,5,32,13,16,18,24,6,5,25,0,42,5,32,5,24,26,1
Text0513,51,9,67,5,83,39,24,178,7,56,36,28,31,24,6,23,17,15,20,16,5,6,36,0,41,7,23,6,16,17,1
Text0514,55,22,75,8,71,38,8,164,0,49,18,9,21,10,9,20,10,7,14,11,1,2,22,1,32,5,20,9,11,18,1
Text0515,54,59,92,6,85,57,5,197,7,50,16,10,31,21,1,59,15,8,17,9,3,0,23,11,60,2,59,1,9,12,1
Text0516,135,174,202,49,296,165,34,468,8,170,50,40,80,22,16,50,34,27,21,67,5,11,66,1,140,31,50,16,67,16,1
Text0517,22,1,31,2,36,31,8,85,2,10,11,7,14,11,3,6,5,10,5,12,1,1,1,1,9,6,3,12,5,9,1
Text0518,90,83,189,23,195,147,43,369,9,135,28,21,92,38,16,38,34,22,28,33,10,9,61,0,91,23,38,16,33,20,1
Text0519,34,16,62,8,61,51,16,135,3,55,8,10,32,13,8,4,12,9,14,20,4,1,17,0,34,9,4,8,20,17,1
Text0520,17,10,50,4,40,36,4,80,0,30,22,1,31,11,3,15,14,7,18,11,1,2,16,0,24,6,15,3,11,17,1
Text0521,141,49,231,41,212,159,35,520,4,121,35,26,73,48,17,32,33,40,37,61,19,4,86,0,105,19,32,17,61,19,1
Text0522,51,17,113,18,100,60,21,259,8,52,43,18,53,36,20,10,33,12,21,64,1,4,44,0,84,7,10,20,64,13,1
Text0523,99,21,187,15,174,127,42,379,14,93,45,23,81,47,21,11,25,15,29,63,9,6,59,0,59,17,11,21,63,27,1
Text0524,64,12,100,8,140,90,19,206,7,76,80,21,90,28,6,49,33,30,41,53,20,13,58,3,75,7,49,6,53,16,1
Text0525,84,9,94,11,108,83,14,220,7,66,34,11,51,26,10,42,32,24,11,33,4,11,29,0,52,10,42,10,33,26,1
Text0526,107,58,146,52,150,112,27,344,10,115,50,18,83,37,21,37,34,26,51,58,8,7,58,0,128,20,37,21,58,12,1
Text0527,36,21,49,11,58,30,5,133,3,20,27,5,18,10,11,16,11,13,11,23,2,4,9,0,37,5,16,11,23,13,1
Text0528,60,11,82,15,117,54,12,176,5,60,108,29,65,29,9,77,39,16,41,29,21,18,51,0,60,11,77,9,29,23,1
Text0529,97,38,131,35,141,128,26,363,8,96,49,29,72,37,19,34,31,21,31,71,6,3,52,0,130,15,34,19,71,11,1
Text0530,69,13,111,11,111,65,12,196,5,44,62,16,78,31,11,48,20,15,17,41,12,7,37,1,63,6,48,11,41,20,1
Text0531,48,12,80,3,119,60,5,169,12,38,51,16,55,22,11,36,24,20,24,36,9,16,28,0,46,7,36,11,36,17,1
Text0532,61,9,108,10,93,75,8,234,2,52,23,17,33,19,14,26,18,13,18,18,1,1,19,0,42,13,26,14,18,18,1
Text0533,7,5,25,6,24,20,4,64,0,17,3,5,6,7,6,5,11,5,3,4,1,2,10,0,15,1,5,6,4,14,1
Text0534,55,5,101,10,88,48,5,151,3,59,38,10,46,22,8,40,26,16,21,36,12,8,29,9,49,6,40,8,36,16,1
Text0535,49,20,103,12,93,73,18,182,6,40,32,15,40,20,6,39,12,19,16,19,9,10,24,6,40,6,39,6,19,21,1
Text0536,56,13,101,15,111,53,10,172,5,67,41,18,65,21,8,41,28,19,22,22,8,7,34,7,38,4,41,8,22,23,1
Text0537,57,15,111,29,95,52,18,145,6,43,67,6,65,27,7,20,14,14,48,35,6,6,39,0,51,9,20,7,35,17,1
Text0538,61,11,110,26,112,70,18,167,0,43,66,7,80,28,5,26,16,13,36,43,11,5,39,0,45,5,26,5,43,22,1
Text0539,47,10,94,26,100,61,17,156,3,44,72,13,60,33,8,23,11,9,25,41,7,7,36,0,46,6,23,8,41,19,1
Text0540,66,49,127,27,109,71,5,182,3,58,53,9,36,27,2,64,23,19,24,41,3,8,42,0,54,12,64,2,41,18,1
Text0541,70,25,119,26,140,66,13,215,2,51,70,22,95,30,6,101,21,25,14,22,10,6,47,0,65,13,101,6,22,21,1
Text0542,41,10,73,9,47,35,12,114,4,26,16,6,39,15,8,15,5,13,14,18,5,6,13,0,34,3,15,8,18,14,1
Text0543,102,57,180,16,156,120,18,319,11,95,61,24,60,36,27,52,24,23,33,45,7,7,37,0,107,13,52,27,45,15,1
Text0544,58,51,116,7,126,90,8,220,2,77,20,10,48,18,4,26,16,31,19,29,3,5,35,2,47,25,26,4,29,21,1
Text0545,65,10,71,32,94,49,15,163,2,35,62,12,78,22,17,33,18,18,37,26,5,9,36,1,47,0,33,17,26,16,1
Text0546,89,45,147,28,214,94,18,271,12,110,40,21,59,30,16,40,23,28,28,34,3,8,37,4,37,27,40,16,34,23,1
Text0547,46,19,82,10,102,65,20,182,4,56,21,7,33,27,2,11,15,11,14,19,2,6,31,0,36,1,11,2,19,20,1
Text0548,49,24,91,11,113,62,7,171,3,53,48,20,58,31,5,41,17,15,13,41,4,6,23,0,46,9,41,5,41,31,1
Text0549,42,21,72,13,84,60,9,132,4,34,27,17,45,14,1,42,13,15,3,16,8,4,18,2,28,5,42,1,16,25,1
Text0550,58,15,100,29,98,46,16,119,4,44,80,13,58,30,15,16,12,12,37,43,5,7,43,0,44,13,16,15,43,19,1
Text0551,57,7,87,10,104,73,6,173,5,30,35,20,53,24,4,71,19,19,7,15,8,5,22,0,50,10,71,4,15,20,1
Text0552,80,48,184,4,147,109,32,290,4,112,16,5,64,46,8,51,18,32,19,18,15,6,32,0,63,19,51,8,18,20,1
Text0553,40,13,43,10,51,34,4,104,0,24,7,11,23,9,4,11,11,17,4,15,3,1,14,0,15,7,11,4,15,25,1
Text0554,60,17,95,14,129,59,11,188,7,58,67,14,51,34,14,39,23,17,15,42,8,8,36,2,56,12,39,14,42,20,1
Text0555,63,27,108,27,120,83,8,235,0,60,46,14,49,25,14,62,31,20,12,39,4,6,36,1,65,5,62,14,39,23,1
Text0556,53,17,77,23,100,47,18,182,1,18,30,8,41,25,7,13,21,15,2,29,2,1,18,1,41,6,13,7,29,18,1
Text0557,120,30,193,67,238,169,33,525,2,132,120,43,133,56,31,31,43,60,97,54,13,23,98,0,67,25,31,31,54,22,1
Text0558,57,7,84,21,82,47,8,124,8,39,60,10,55,22,7,31,12,14,21,33,5,9,29,0,36,4,31,7,33,20,1
Text0559,184,20,251,96,290,222,31,569,9,128,106,73,202,82,31,111,55,82,67,56,14,19,86,5,113,23,111,31,56,17,1
Text0560,87,46,162,39,164,144,21,364,4,104,41,25,70,34,11,57,25,23,23,36,7,4,56,0,87,26,57,11,36,17,1
Text0561,30,14,69,6,75,47,5,162,1,24,18,12,26,22,3,41,10,14,6,5,1,5,20,0,29,5,41,3,5,20,1
Text0562,214,199,303,41,382,300,17,889,9,251,36,33,97,45,14,119,82,61,41,106,14,11,74,0,177,34,119,14,106,19,1
Text0563,88,15,144,29,176,93,34,266,5,63,69,20,125,37,13,46,27,21,48,36,17,14,48,0,46,13,46,13,36,26,1
Text0564,66,21,98,19,95,67,13,190,4,39,48,12,46,27,8,46,29,17,24,36,7,6,19,0,58,11,46,8,36,26,1
Text0565,57,12,106,12,115,39,15,149,2,35,42,13,53,19,11,18,24,5,29,29,8,6,25,0,36,13,18,11,29,22,1
Text0566,112,29,143,0,181,107,17,279,0,59,31,18,65,37,5,28,30,44,23,39,7,4,37,6,50,15,28,5,39,24,1
Text0567,9,2,25,1,27,17,1,68,0,16,4,5,4,5,0,9,6,9,6,9,0,2,6,5,11,1,9,0,9,18,1
Text0568,31,8,59,2,80,32,11,90,9,39,56,15,45,14,7,37,14,13,10,28,7,6,23,0,47,8,37,7,28,13,1
Text0569,57,9,102,27,103,52,12,169,3,36,61,2,62,21,8,41,23,20,21,40,8,8,27,0,60,9,41,8,40,14,1
Text0570,68,26,79,13,111,75,13,157,4,56,45,21,69,31,11,39,14,22,9,25,2,2,30,0,41,9,39,11,25,28,1
Text0571,34,3,95,0,109,60,16,175,3,72,18,9,38,29,3,26,21,24,10,22,7,5,28,1,30,13,26,3,22,25,1
Text0572,50,5,81,4,92,59,26,154,11,55,45,15,71,26,3,47,15,18,18,22,5,7,35,1,54,6,47,3,22,16,1
Text0573,8,2,9,2,12,10,0,33,1,8,2,0,1,2,1,3,2,3,0,3,0,0,3,0,3,0,3,1,3,20,1
Text0574,37,8,71,8,103,53,19,175,6,61,56,8,56,33,9,34,18,15,7,31,5,7,27,0,55,4,34,9,31,14,1
Text0575,64,11,112,24,99,58,21,143,1,48,91,5,80,41,5,19,15,20,45,45,9,13,44,0,56,7,19,5,45,18,1
Text0576,59,5,72,10,62,54,21,142,0,35,71,11,55,17,9,20,8,17,24,42,4,10,33,0,41,6,20,9,42,18,1
Text0577,5,8,18,7,24,14,1,56,0,12,3,3,7,3,0,7,1,0,3,2,1,1,6,0,9,2,7,0,2,18,1
Text0578,94,43,156,44,189,79,18,312,5,69,102,18,82,54,19,48,32,31,48,67,9,16,69,1,88,6,48,19,67,16,1
Text0579,42,23,57,9,78,57,7,179,2,41,6,9,22,8,0,14,16,13,6,17,7,1,15,11,26,4,14,0,17,22,1
Text0580,71,18,99,7,99,40,20,178,2,45,40,25,87,36,15,33,31,20,11,38,4,4,36,1,50,13,33,15,38,25,1
Text0581,76,41,120,7,107,80,10,172,1,62,52,11,48,44,11,24,27,23,32,44,2,7,30,0,46,19,24,11,44,30,1
Text0582,45,23,63,27,62,72,6,144,2,33,14,13,23,11,1,29,10,7,6,5,1,6,19,8,56,7,29,1,5,10,1
Text0583,69,26,121,11,103,66,3,202,6,45,15,7,32,16,3,38,25,8,6,19,3,2,20,0,52,6,38,3,19,14,1
Text0584,60,27,114,14,97,72,16,233,6,57,39,13,66,24,9,41,18,13,19,40,13,7,29,0,72,11,41,9,40,18,1
Text0585,14,13,28,2,32,18,0,97,1,12,12,8,9,5,2,6,4,7,4,18,2,2,6,1,19,0,6,2,18,19,1
Text0586,67,11,91,13,144,64,12,182,4,69,64,14,52,23,10,14,24,17,36,48,10,15,35,0,53,8,14,10,48,18,1
Text0587,89,47,182,13,172,96,15,249,7,97,52,24,78,43,11,88,29,26,23,21,7,9,52,0,49,12,88,11,21,39,1
Text0588,50,17,63,5,90,64,3,140,2,44,20,9,51,17,7,11,17,16,12,33,3,4,25,0,39,10,11,7,33,16,1
Text0589,77,45,135,20,154,92,22,250,6,67,59,30,72,47,7,73,15,30,15,20,7,11,50,0,47,11,73,7,20,42,1
Text0590,87,79,148,14,165,107,39,263,4,88,45,26,80,32,14,28,35,22,24,31,8,12,31,0,58,19,28,14,31,22,1
Text0591,25,11,52,7,63,29,7,108,3,27,18,4,27,13,2,29,8,7,8,4,0,2,13,0,17,4,29,2,4,26,1
Text0592,72,33,144,53,148,73,15,257,1,47,59,11,76,31,8,71,27,18,29,26,6,3,44,1,62,3,71,8,26,17,1
Text0593,66,20,103,21,121,92,8,265,4,61,34,30,42,26,12,51,25,16,21,33,5,4,46,0,67,6,51,12,33,15,1
Text0594,58,24,82,11,81,45,11,140,1,34,42,14,47,26,14,23,20,15,6,29,8,4,28,0,36,11,23,14,29,30,1
Text0595,4,0,8,2,12,8,0,41,0,6,5,0,3,2,0,11,2,0,2,0,0,0,4,8,10,0,11,0,0,9,1
Text0596,50,6,88,13,80,53,11,143,0,43,66,20,61,39,11,10,10,12,33,46,3,8,40,0,52,9,10,11,46,16,1
Text0597,56,13,112,11,117,65,16,220,7,60,41,19,38,24,6,33,28,26,28,34,12,6,35,0,44,10,33,6,34,28,1
Text0598,67,43,173,18,168,92,12,291,6,92,56,33,55,25,12,90,35,28,15,18,13,11,33,13,65,20,90,12,18,18,1
Text0599,75,20,102,15,132,77,11,212,3,64,57,27,74,32,9,60,20,27,15,29,9,13,30,4,59,18,60,9,29,17,1
Text0600,34,5,43,5,53,28,10,111,0,32,7,14,16,12,3,15,10,15,6,14,2,2,18,0,14,1,15,3,14,21,1
Text0601,11,4,34,2,43,25,6,110,0,15,6,7,13,10,3,1,7,8,1,17,2,0,9,0,15,0,1,3,17,24,1
Text0602,70,11,88,12,81,55,7,199,6,35,39,17,55,23,5,26,13,16,24,44,4,9,34,11,49,5,26,5,44,16,1
Text0603,17,4,19,7,27,13,2,67,1,19,7,5,7,5,2,10,8,4,2,7,0,0,3,7,17,2,10,2,7,12,1
Text0604,50,8,95,23,92,75,7,185,1,62,11,15,35,17,7,34,21,8,9,13,2,1,37,0,41,5,34,7,13,19,1
Text0605,82,5,105,18,139,87,14,233,4,76,77,20,70,29,9,55,26,25,32,44,9,6,51,1,71,9,55,9,44,17,1
Text0606,36,19,103,6,104,40,9,155,4,53,55,8,56,22,7,41,18,12,31,16,2,7,28,2,30,9,41,7,16,23,1
Text0607,55,26,60,42,52,55,5,92,3,20,45,15,51,14,5,64,13,11,7,4,0,2,23,0,44,11,64,5,4,15,1
Text0608,46,32,62,21,105,50,9,123,1,61,41,16,63,14,6,41,20,23,15,31,6,9,28,0,40,11,41,6,31,31,1
Text0609,43,1,60,4,71,66,6,139,0,26,22,13,19,14,5,13,18,17,7,28,2,3,27,7,28,6,13,5,28,15,1
Text0610,17,7,19,0,29,23,2,70,3,13,11,3,13,4,1,19,3,5,4,2,1,1,7,1,11,2,19,1,2,22,1
Text0611,59,10,101,21,92,47,14,150,0,41,88,11,52,17,12,23,11,23,29,50,9,13,35,0,46,6,23,12,50,19,1
Text0612,20,9,28,13,28,16,7,67,2,5,9,4,22,7,3,11,2,5,4,16,5,2,8,0,13,1,11,3,16,33,1
Text0613,46,4,77,3,66,48,9,107,0,32,51,6,50,29,6,41,20,9,16,15,6,1,30,0,29,7,41,6,15,22,1
Text0614,76,40,130,7,136,89,13,281,8,56,36,22,63,24,10,44,15,22,9,36,3,7,44,0,61,13,44,10,36,17,1
Text0615,123,54,224,15,239,160,26,347,5,111,91,25,112,60,10,90,46,50,29,50,18,12,79,1,61,19,90,10,50,56,1
Text0616,11,5,20,8,20,20,1,56,0,7,5,2,7,4,0,9,6,5,3,2,0,0,5,0,10,0,9,0,2,23,1
Text0617,42,21,78,8,92,53,9,154,2,40,22,15,32,19,6,29,16,6,11,16,5,3,22,7,33,1,29,6,16,24,1
Text0618,80,10,120,22,128,70,13,210,0,17,41,13,72,27,9,63,11,29,12,25,4,4,38,0,52,10,63,9,25,18,1
Text0619,11,7,30,0,34,22,0,76,1,15,0,2,4,4,0,15,4,5,5,2,0,0,10,0,9,0,15,0,2,22,1
Text0620,94,33,147,60,181,91,14,307,6,59,92,21,97,52,23,66,40,32,35,63,7,4,59,2,87,12,66,23,63,16,1
Text0621,64,12,99,19,121,75,15,188,2,53,37,5,56,25,6,19,13,36,26,36,3,3,32,0,50,11,19,6,36,18,1
Text0622,62,24,129,12,144,80,9,218,4,62,59,13,52,40,4,66,26,19,34,29,8,14,34,0,50,6,66,4,29,32,1
Text0623,41,7,56,17,66,39,2,107,1,23,40,6,27,16,3,24,16,14,27,26,6,5,16,0,31,6,24,3,26,31,1
Text0624,76,61,178,27,139,99,36,295,1,62,68,12,65,41,15,27,18,13,29,53,3,7,36,0,59,22,27,15,53,23,1
Text0625,49,14,67,15,88,50,6,152,4,50,18,13,20,15,1,55,18,15,2,3,4,4,21,0,28,4,55,1,3,23,1
Text0626,28,0,32,0,51,32,3,110,2,30,14,7,18,14,1,15,13,10,9,17,4,2,8,0,22,4,15,1,17,22,1
Text0627,78,25,88,3,92,92,12,212,2,58,58,12,51,22,13,47,14,14,28,32,7,3,30,0,50,9,47,13,32,22,1
Text0628,42,24,65,13,65,45,4,148,4,38,22,7,28,16,4,36,22,9,10,14,4,5,22,17,43,6,36,4,14,14,1
Text0629,57,36,107,44,124,98,14,243,1,56,62,20,74,25,9,72,26,20,13,33,7,7,47,15,91,10,72,9,33,13,1
Text0630,57,15,87,25,104,49,12,167,1,27,57,16,41,22,9,32,17,20,22,55,6,13,32,0,55,13,32,9,55,28,1
Text0631,72,11,135,17,141,81,15,245,8,46,58,15,59,29,12,44,32,29,29,51,12,5,27,1,61,6,44,12,51,28,1
Text0632,64,16,90,20,134,87,10,251,6,55,30,40,40,42,6,29,10,15,8,23,0,2,27,0,34,10,29,6,23,28,1
Text0633,14,8,22,6,32,21,1,79,5,10,5,5,9,5,0,11,4,9,1,8,2,1,3,5,15,1,11,0,8,15,1
Text0634,70,30,158,15,148,76,18,262,8,67,60,13,84,49,11,54,33,30,31,38,11,10,47,0,61,13,54,11,38,32,1
Text0635,52,12,80,8,85,60,9,169,7,59,29,15,48,26,3,38,26,10,15,32,5,9,29,7,54,6,38,3,32,16,1
Text0636,52,8,92,22,94,75,18,222,1,70,51,20,48,15,9,32,21,20,24,35,6,2,26,0,71,11,32,9,35,14,1
Text0637,32,21,40,4,57,50,7,121,1,27,13,4,13,8,3,11,12,9,7,13,4,1,10,12,23,3,11,3,13,15,1
Text0638,48,18,74,1,78,42,3,149,5,40,25,6,37,17,6,22,13,15,14,28,2,5,16,0,41,6,22,6,28,26,1
Text0639,91,58,186,30,189,115,24,383,8,116,48,28,86,39,15,54,50,38,44,45,11,11,43,2,110,19,54,15,45,16,1
Text0640,58,24,81,20,90,49,4,163,3,29,58,6,44,30,2,60,30,17,19,14,2,7,31,0,29,4,60,2,14,27,1
Text0641,74,17,123,10,102,66,7,188,6,56,67,19,75,30,8,60,30,36,24,47,12,14,39,0,75,5,60,8,47,17,1
Text0642,51,40,88,11,118,76,11,165,11,71,44,18,63,24,3,14,20,20,29,48,4,3,32,0,36,9,14,3,48,26,1
Text0643,79,43,118,38,171,90,11,251,2,64,63,26,61,32,5,65,35,19,11,40,5,5,46,11,59,17,65,5,40,21,1
Text0644,36,17,97,13,87,42,4,112,1,66,55,3,63,25,3,33,17,13,38,20,6,12,36,0,40,11,33,3,20,20,1
Text0645,72,31,111,25,113,93,8,307,5,98,36,25,50,28,12,46,25,26,30,37,2,5,40,0,80,7,46,12,37,14,1
Text0646,45,13,87,12,117,63,15,177,4,55,53,13,44,23,9,24,24,20,19,34,9,9,31,0,51,8,24,9,34,17,1
Text0647,88,36,155,8,169,88,21,304,3,72,48,24,64,31,8,25,19,20,24,54,7,9,42,0,69,21,25,8,54,19,1
Text0648,77,23,99,2,95,70,5,165,2,75,17,9,40,29,0,45,22,15,7,15,4,6,17,0,40,10,45,0,15,19,1
Text0649,52,16,123,14,100,52,20,156,1,48,54,3,53,32,10,20,5,11,36,30,14,6,43,0,39,14,20,10,30,23,1
Text0650,43,16,58,20,65,38,12,115,11,20,26,6,55,24,11,29,12,12,12,13,10,3,15,1,32,4,29,11,13,16,1
Text0651,80,28,112,11,130,93,20,232,4,47,19,11,64,23,6,27,26,34,5,35,6,1,40,0,49,13,27,6,35,22,1
Text0652,45,8,89,12,96,64,14,209,2,33,38,26,41,24,6,53,26,17,9,21,6,7,24,0,51,7,53,6,21,18,1
Text0653,71,5,96,18,118,90,18,202,2,82,51,20,54,33,10,39,26,21,33,13,5,2,34,1,74,12,39,10,13,14,1
Text0654,54,12,104,10,106,102,13,247,2,62,29,19,43,19,12,27,22,23,25,42,10,5,44,0,59,4,27,12,42,15,1
Text0655,22,16,44,3,29,26,2,83,0,33,5,1,17,9,0,9,4,9,7,7,3,0,11,0,15,5,9,0,7,17,1
Text0656,14,21,37,15,48,32,8,75,1,19,10,6,18,11,0,11,7,10,3,13,1,1,11,0,16,2,11,0,13,22,1
Text0657,58,33,80,6,79,60,13,180,2,51,24,9,38,16,9,17,9,12,18,21,3,1,14,0,54,12,17,9,21,15,1
Text0658,40,34,70,16,101,50,9,200,1,47,33,11,46,19,6,48,18,11,8,24,4,5,31,10,48,12,48,6,24,18,1
Text0659,57,14,71,5,116,74,15,159,9,57,51,8,51,15,9,22,17,20,18,33,8,5,34,0,50,4,22,9,33,16,1
Text0660,32,59,54,5,80,29,2,118,5,40,6,10,10,9,3,20,13,9,7,10,2,3,14,5,21,3,20,3,10,24,1
Text0661,51,36,90,6,109,44,13,138,4,44,19,6,57,6,1,16,6,13,18,15,3,6,22,0,38,8,16,1,15,18,1
Text0662,65,10,111,16,107,55,10,155,6,66,34,8,51,20,11,20,22,22,32,36,12,3,26,0,43,11,20,11,36,37,1
Text0663,66,22,91,14,102,65,11,198,2,60,50,11,60,32,5,38,34,17,18,47,6,5,26,0,61,16,38,5,47,15,1
Text0664,70,3,95,24,93,79,11,241,7,35,43,15,55,19,24,33,26,17,26,34,2,13,31,2,76,7,33,24,34,12,1
Text0665,71,37,99,6,116,78,12,225,0,61,55,17,42,13,7,34,21,14,16,49,12,9,34,3,55,11,34,7,49,20,1
Text0666,55,10,63,22,88,50,7,156,6,30,30,12,40,18,10,43,18,14,9,17,10,2,10,1,48,8,43,10,17,19,1
Text0667,26,14,45,7,60,41,1,138,1,28,6,6,12,6,1,19,9,9,8,7,2,0,10,9,21,7,19,1,7,20,1
Text0668,44,24,91,6,85,62,4,172,0,47,28,7,43,22,3,43,16,11,13,17,1,6,19,0,43,3,43,3,17,26,1
Text0669,67,32,155,2,175,88,30,252,6,55,51,9,70,35,9,24,27,13,27,38,5,8,43,0,40,11,24,9,38,31,1
Text0670,19,9,29,4,32,26,9,91,1,18,15,3,15,10,3,9,8,2,7,17,0,0,10,0,15,1,9,3,17,19,1
Text0671,66,5,98,8,117,61,9,200,2,64,68,18,50,26,9,45,24,9,31,42,17,14,28,11,60,15,45,9,42,15,1
Text0672,55,32,93,21,99,58,10,198,4,61,40,16,45,24,7,31,22,11,32,31,6,3,26,17,57,8,31,7,31,16,1
Text0673,40,10,81,6,88,43,10,162,2,29,32,3,25,12,3,21,18,14,14,28,3,5,14,3,28,2,21,3,28,22,1
Text0674,46,10,82,37,94,54,21,140,3,32,71,15,61,22,12,58,8,12,19,16,12,9,46,0,41,6,58,12,16,21,1
Text0675,89,58,167,15,164,103,10,218,6,103,73,17,71,31,5,89,27,32,20,17,8,2,45,0,72,9,89,5,17,25,1
Text0676,50,7,79,19,93,43,14,131,1,38,68,22,71,30,19,28,11,19,28,38,7,9,42,0,42,11,28,19,38,20,1
Text0677,180,131,262,37,327,201,36,550,0,200,41,39,147,53,15,58,73,38,33,70,9,7,59,0,118,33,58,15,70,20,1
Text0678,35,37,60,5,68,42,3,119,1,61,23,16,37,19,5,38,13,7,8,5,3,2,14,8,34,7,38,5,5,17,1
Text0679,46,11,91,7,109,49,17,192,2,36,32,16,48,20,3,36,16,23,7,27,11,8,29,3,28,7,36,3,27,28,1
Text0680,62,9,93,15,122,51,15,187,4,55,95,23,59,40,10,53,29,22,22,39,4,8,37,0,50,8,53,10,39,38,1
Text0681,16,5,30,7,33,12,6,65,0,10,11,2,20,11,2,8,5,4,4,9,1,0,5,0,14,2,8,2,9,16,1
Text0682,67,13,104,2,108,87,19,170,7,76,45,6,56,22,12,23,28,13,18,38,5,12,49,0,44,16,23,12,38,19,1
Text0683,59,16,70,13,78,81,16,192,6,45,58,11,41,25,16,53,15,11,10,10,3,6,38,0,32,3,53,16,10,48,1
Text0684,50,15,86,12,113,63,14,208,4,47,52,19,43,21,8,45,12,23,13,39,14,2,28,8,51,9,45,8,39,23,1
Text0685,42,14,86,12,94,58,10,164,1,46,48,12,37,32,6,41,23,23,26,23,11,6,28,0,35,2,41,6,23,44,1
Text0686,58,7,101,15,93,52,14,150,0,31,82,16,54,30,11,17,13,10,42,41,7,8,42,0,45,14,17,11,41,19,1
Text0687,51,34,99,6,83,56,11,185,10,57,19,13,32,14,4,53,13,20,17,7,4,4,19,15,49,6,53,4,7,16,1
Text0688,126,44,203,38,157,137,19,457,3,97,55,34,78,40,24,74,37,24,30,76,15,7,55,4,137,21,74,24,76,13,1
Text0689,38,12,73,8,101,72,8,162,0,46,14,15,27,20,1,12,10,26,7,36,4,1,22,0,23,8,12,1,36,29,1
Text0690,66,6,107,10,118,75,6,187,3,65,43,23,64,33,13,19,28,19,29,46,9,9,33,0,45,8,19,13,46,21,1
Text0691,15,23,44,32,67,33,0,100,4,38,1,7,15,3,2,33,4,9,4,1,0,0,9,0,22,0,33,2,1,19,1
Text0692,94,48,164,16,157,88,16,267,2,71,73,11,93,52,8,60,20,13,33,31,5,8,44,0,52,20,60,8,31,44,1
Text0693,7,5,12,2,17,11,0,53,1,3,2,3,3,4,2,4,0,4,0,5,0,0,4,1,6,0,4,2,5,12,1
Text0694,87,57,123,7,132,75,7,222,6,66,26,24,67,21,3,45,20,29,13,36,6,5,38,2,47,12,45,3,36,22,1
Text0695,27,19,61,9,65,38,12,122,2,32,10,10,24,18,2,9,8,14,8,11,2,1,13,0,25,8,9,2,11,22,1
Text0696,55,30,117,10,109,66,14,181,3,90,45,10,59,27,6,51,16,7,14,10,8,12,53,0,42,4,51,6,10,23,1
Text0697,122,76,146,44,164,136,36,321,3,62,53,25,60,41,11,26,19,20,32,44,8,7,53,0,84,7,26,11,44,17,1
Text0698,27,13,71,8,79,47,1,153,3,41,22,20,23,17,6,52,9,21,6,2,2,3,14,5,31,1,52,6,2,19,1
Text0699,83,22,129,28,142,85,16,218,7,72,82,11,73,23,13,63,27,26,25,35,7,18,36,0,82,10,63,13,35,17,1
Text0700,78,9,166,50,165,140,13,343,10,90,53,48,73,51,17,49,32,34,43,51,6,6,59,1,93,9,49,17,51,17,1
